AGS;Name;Wahlberechtigte;Wähler;Ungültige;Gültige;CDU;SPD;AfD;FDP;DIE LINKE;GRÜNE;CSU;FREIE WÄHLER;Die PARTEI;Tierschutzpartei;NPD;PIRATEN;ÖDP;V-Partei³;DiB;BP;Tierschutzallianz;MLPD;Gesundheitsforschung;MENSCHLICHE WELT;DKP;Die Grauen;BüSo;Die Humanisten;Gartenpartei;du.;SGP;dieBasis;Bündnis C;BÜRGERBEWEGUNG;III. Weg;Bündnis21;LIEBE;LKR;PdF;LfK;SSW;Team Todenhöfer;UNABHÄNGIGE;Volt
1001;Flensburg, Stadt;69302;51278;460;50818;7152;12480;2756;4780;3153;12296;0;347;738;637;28;0;40;93;0;0;0;2;0;0;17;0;0;61;0;45;0;842;0;0;0;0;0;14;0;0;5025;125;0;187
1002;Kiel, Landeshauptstadt;184655;140793;832;139961;20333;36407;7023;14335;8978;40476;0;852;2068;1541;115;0;107;164;0;0;0;34;0;0;85;0;0;287;0;109;0;1755;0;0;0;0;0;46;0;0;4013;710;0;523
1003;Lübeck, Hansestadt;164139;118804;1130;117674;20757;36136;7807;11963;5360;27112;0;1123;1219;1341;143;0;127;114;0;0;0;69;0;0;42;0;0;182;0;97;0;1366;0;0;0;0;0;63;0;0;1506;623;0;524
1004;Neumünster, Stadt;59460;40376;405;39971;8089;12872;3751;4762;1320;5841;0;352;377;462;130;0;27;35;0;0;0;8;0;0;12;0;0;50;0;20;0;450;0;0;0;0;0;50;0;0;1048;254;0;61
1051;Dithmarschen;107187;81464;848;80616;20545;22529;7098;11464;2545;9686;0;835;739;1021;115;0;46;85;0;0;0;20;0;0;14;0;0;68;0;34;0;803;0;0;0;0;0;69;0;0;2613;137;0;150
1053;Herzogtum Lauenburg;153609;121250;875;120375;27610;35174;10057;16216;3978;19001;0;1675;1155;1539;182;0;122;88;0;0;0;24;0;0;50;0;0;96;0;69;0;1415;0;0;0;0;0;40;0;0;1197;466;0;221
1054;Nordfriesland;133281;103619;801;102818;24671;26384;5381;12690;3106;17458;0;729;944;1092;96;0;92;90;0;0;0;18;0;0;24;0;0;93;0;43;0;1426;0;0;0;0;0;33;0;0;8159;152;0;137
1055;Ostholstein;167155;130019;1053;128966;32646;38781;9066;16243;3645;20000;0;1441;984;1573;180;0;88;105;0;0;0;11;0;0;28;0;0;78;0;59;0;1575;0;0;0;0;0;28;0;0;2029;162;0;244
1056;Pinneberg;238388;191512;1242;190270;42057;55693;13080;25663;6363;34291;0;1731;1805;2320;188;0;202;208;0;0;0;21;0;0;59;0;0;182;0;127;0;2389;0;0;0;0;0;108;0;0;2527;799;0;457
1057;Plön;105784;85907;721;85186;20231;23893;5385;10131;2716;16144;0;824;846;892;95;0;62;56;0;0;0;15;0;0;22;0;0;57;0;39;0;1459;0;0;0;0;0;37;0;0;1967;154;0;161
1058;Rendsburg-Eckernförde;220053;177253;1191;176062;42104;47079;11195;21097;5615;32441;0;1276;1735;1863;165;0;131;134;0;0;0;38;0;0;26;0;0;148;0;74;0;2544;0;0;0;0;0;53;0;0;7777;281;0;286
1059;Schleswig-Flensburg;162234;128834;1027;127807;29269;33028;7561;14409;4322;21004;0;1368;1106;1353;110;0;92;101;0;0;0;10;0;0;23;0;0;96;0;73;0;2024;0;0;0;0;0;59;0;0;11390;193;0;216
1060;Segeberg;214326;169804;1205;168599;38390;47942;12855;23761;5327;26743;0;2092;1986;2317;225;0;152;185;0;0;0;23;0;0;46;0;0;144;0;106;0;2480;0;0;0;0;0;54;0;0;2937;480;0;354
1061;Steinburg;104591;80844;663;80181;19168;22579;6398;10384;2856;12234;0;1045;799;1000;95;0;73;170;0;0;0;12;0;0;20;0;0;78;0;48;0;1065;0;0;0;0;0;33;0;0;1764;208;0;152
1062;Stormarn;188553;154388;938;153450;35377;43078;10153;22141;4954;28036;0;1353;1369;1702;167;0;178;135;0;0;0;17;0;0;48;0;0;143;0;86;0;1814;0;0;0;0;0;28;0;0;1626;561;0;484
2000;Hamburg, Freie und Hansestadt;1298792;1011044;5500;1005544;155220;298342;50537;114602;67578;250532;0;5601;10147;12325;648;4377;2016;1219;0;0;0;348;0;0;532;0;0;1203;0;1341;0;13961;0;0;0;386;0;248;0;0;0;8952;0;5429
3101;Braunschweig, Stadt;187721;140807;1513;139294;25929;42377;8238;14046;6355;33401;0;844;1652;1567;101;785;180;280;0;0;0;52;0;0;33;0;0;189;0;81;0;1444;0;0;0;0;0;53;0;0;0;675;0;1012
3102;Salzgitter, Stadt;70766;47284;462;46822;10133;17898;6308;3891;1619;4156;0;476;400;647;89;189;16;28;0;0;0;11;0;0;2;0;0;23;0;24;0;356;0;0;0;0;0;5;0;0;0;480;0;71
3103;Wolfsburg, Stadt;86936;62048;715;61333;14984;21099;5713;6453;1685;7818;0;475;536;712;58;242;125;46;0;0;0;17;0;0;15;0;0;56;0;45;0;716;0;0;0;0;0;22;0;0;0;271;0;245
3151;Gifhorn;136111;103084;1051;102033;24790;34453;10695;10559;2443;13389;0;874;933;1314;95;391;160;63;0;0;0;16;0;0;17;0;0;67;0;65;0;1206;0;0;0;0;0;59;0;0;0;243;0;201
3153;Goslar;105461;75624;635;74989;17512;27833;6926;7204;2401;8892;0;733;624;1123;131;260;42;49;0;0;0;8;0;0;17;0;0;51;0;39;0;762;0;0;0;0;0;21;0;0;0;205;0;156
3154;Helmstedt;72509;52642;587;52055;12989;18663;4785;5023;1502;5938;0;473;485;821;119;220;64;31;0;0;0;6;0;0;16;0;0;57;0;49;0;632;0;0;0;0;0;13;0;0;0;82;0;87
3155;Northeim;106551;79174;682;78492;18413;30363;6305;7971;2269;9452;0;592;578;926;89;238;49;47;0;0;0;11;0;0;10;0;0;63;0;36;0;820;0;0;0;0;0;13;0;0;0;127;0;120
3157;Peine;104557;79489;876;78613;16903;30045;7096;7276;2013;10296;0;933;667;1158;102;318;39;58;0;0;0;15;0;0;16;0;0;71;0;68;0;908;0;0;0;0;0;20;0;0;0;367;0;244
3158;Wolfenbüttel;95700;74686;817;73869;17451;25837;5517;7296;2201;11332;0;591;691;1123;110;311;61;64;0;0;0;9;0;0;13;0;0;57;0;49;0;754;0;0;0;0;0;25;0;0;0;218;0;159
3159;Göttingen;248367;186120;1858;184262;40386;60846;11700;17898;8706;34926;0;1489;1851;2018;200;641;148;139;0;0;0;54;0;0;73;0;0;191;0;116;0;1840;0;0;0;0;0;80;0;0;0;427;0;533
3241;Region Hannover;836679;628389;6559;621830;131088;197115;41575;64440;24097;127756;0;4138;5653;8051;445;3009;451;530;0;0;0;196;0;0;221;0;0;678;0;339;0;5846;0;0;0;0;0;151;0;0;0;3697;0;2354
3251;Diepholz;169814;128511;855;127656;31933;42224;8958;15642;3467;18683;0;1167;1083;1540;97;397;106;92;0;0;0;20;0;0;10;0;0;101;0;71;0;1456;0;0;0;0;0;36;0;0;0;379;0;194
3252;Hameln-Pyrmont;115347;82558;791;81767;18497;29011;7261;8274;2408;11682;0;673;634;1190;84;274;36;63;0;0;0;8;0;0;15;0;0;64;0;56;0;1086;0;0;0;0;0;19;0;0;0;294;0;138
3254;Hildesheim;215131;161685;1907;159778;36504;55439;12161;15397;5308;26565;0;1054;1432;2030;160;793;143;125;0;0;0;32;0;0;37;0;0;99;0;115;0;1628;0;0;0;0;0;31;0;0;0;416;0;309
3255;Holzminden;55262;40152;402;39750;9072;15117;3592;4430;991;4505;0;372;268;527;56;156;26;27;0;0;0;1;0;0;6;0;0;40;0;23;0;365;0;0;0;0;0;9;0;0;0;112;0;55
3256;Nienburg (Weser);94052;68171;561;67610;17681;22978;5828;6883;1783;8886;0;567;603;894;78;299;26;33;0;0;0;8;0;0;5;0;0;57;0;36;0;733;0;0;0;0;0;15;0;0;0;93;0;124
3257;Schaumburg;124368;93167;669;92498;21269;32547;8020;9316;2512;13538;0;923;819;1418;102;321;53;70;0;0;0;9;0;0;18;0;0;68;0;50;0;990;0;0;0;0;0;20;0;0;0;275;0;160
3351;Celle;139573;102354;752;101602;27008;29915;9691;12402;2969;14079;0;1096;997;1380;108;308;89;78;0;0;0;10;0;0;25;0;0;61;0;45;0;1000;0;0;0;0;0;19;0;0;0;138;0;184
3352;Cuxhaven;159013;118721;849;117872;30441;41176;9021;11895;3191;15269;0;1308;969;2122;151;336;79;91;0;0;0;15;0;0;16;0;0;74;0;75;0;1215;0;0;0;0;0;30;0;0;0;206;0;192
3353;Harburg;201740;161635;893;160742;39850;46765;11671;20426;4682;26777;0;2404;1193;2360;138;568;141;113;0;0;0;23;0;0;23;0;0;130;0;95;0;2452;0;0;0;0;0;151;0;0;0;433;0;347
3354;Lüchow-Dannenberg;39132;28561;292;28269;6806;8193;2005;2210;1587;5605;0;194;351;394;32;92;21;21;0;0;0;5;0;0;19;0;0;10;0;26;0;626;0;0;0;0;0;13;0;0;0;22;0;37
3355;Lüneburg;143541;110622;785;109837;22226;33069;7140;11031;4741;24980;0;967;1138;1287;147;361;126;70;0;0;0;20;0;0;46;0;0;109;0;68;0;1773;0;0;0;0;0;40;0;0;0;167;0;331
3356;Osterholz;91256;70271;513;69758;16487;23362;5062;7091;2747;11153;0;620;554;1005;62;171;64;57;0;0;0;11;0;0;20;0;0;72;0;53;0;814;0;0;0;0;0;29;0;0;0;191;0;133
3357;Rotenburg (Wümme);129750;98606;668;97938;27851;31477;6910;10441;2681;13275;0;1144;783;1198;134;331;80;48;0;0;0;12;0;0;14;0;0;64;0;56;0;998;0;0;0;0;0;29;0;0;0;144;0;268
3358;Heidekreis;108997;80088;561;79527;19475;28714;6758;7874;2137;10181;0;828;696;1157;115;304;68;66;0;0;0;9;0;0;13;0;0;64;0;45;0;717;0;0;0;0;0;30;0;0;0;113;0;163
3359;Stade;158345;120245;776;119469;29907;38988;9258;13088;3500;17776;0;1308;1142;1563;141;597;85;92;0;0;0;11;0;0;22;0;0;101;0;57;0;1165;0;0;0;0;0;26;0;0;0;321;0;321
3360;Uelzen;74909;55668;440;55228;13985;18417;4732;5588;1711;7803;0;482;457;789;68;258;39;46;0;0;0;6;0;0;9;0;0;38;0;30;0;592;0;0;0;0;0;9;0;0;0;87;0;82
3361;Verden;106234;81037;576;80461;19696;26068;6267;8562;2506;13030;0;874;580;981;63;272;41;55;0;0;0;23;0;0;7;0;0;59;0;50;0;847;0;0;0;0;0;21;0;0;0;249;0;210
3401;Delmenhorst, Stadt;55403;36051;462;35589;8006;12477;3632;3420;1291;4557;0;280;387;568;41;127;20;28;0;0;0;4;0;0;5;0;0;27;0;18;0;370;0;0;0;0;0;9;0;0;0;277;0;45
3402;Emden, Stadt;37374;25403;303;25100;3675;10844;2034;2198;1208;3897;0;134;278;350;31;94;19;17;0;0;0;4;0;0;15;0;0;15;0;11;0;197;0;0;0;0;0;6;0;0;0;33;0;40
3403;Oldenburg (Oldenburg), Stadt;129639;97877;685;97192;14505;29108;4178;9107;6057;28692;0;458;863;1055;54;499;146;104;0;0;0;19;0;0;38;0;0;121;0;55;0;1003;0;0;0;0;0;27;0;0;0;293;0;810
3404;Osnabrück, Stadt;122310;91652;681;90971;18499;25564;4052;8816;4673;24842;0;303;951;781;38;276;93;61;0;0;0;9;0;0;41;0;0;115;0;53;0;885;0;0;0;0;0;18;0;0;0;466;0;435
3405;Wilhelmshaven, Stadt;60177;39610;407;39203;7685;14392;3632;3928;1473;5337;0;569;624;692;35;143;23;31;0;0;0;24;0;0;3;0;0;58;0;36;0;276;0;0;0;0;0;13;0;0;0;121;0;108
3451;Ammerland;99066;75848;490;75358;17595;26123;4725;8567;2287;12227;0;583;618;954;53;296;101;33;0;0;0;10;0;0;13;0;0;55;0;30;0;726;0;0;0;0;0;31;0;0;0;135;0;196
3452;Aurich;154472;112444;1350;111094;20391;48194;9139;9915;3463;13771;0;1635;852;1870;116;336;63;48;0;0;0;14;0;0;19;0;0;71;0;75;0;830;0;0;0;0;0;18;0;0;0;116;0;158
3453;Cloppenburg;121800;87535;692;86843;32914;22288;8293;10103;1897;8101;0;379;592;822;52;271;33;30;0;0;0;5;0;0;7;0;0;58;0;42;0;630;0;0;0;0;0;31;0;0;0;118;0;177
3454;Emsland;241341;185427;1334;184093;69280;51174;11218;21265;3998;20496;0;775;1679;1607;121;476;58;75;0;0;0;15;0;0;16;0;0;141;0;87;0;1124;0;0;0;0;0;27;0;0;0;211;0;250
3455;Friesland;82193;60900;568;60332;12535;23301;4466;6595;1787;8167;0;628;617;974;48;185;25;43;0;0;0;15;0;0;6;0;0;35;0;37;0;604;0;0;0;0;0;14;0;0;0;134;0;116
3456;Grafschaft Bentheim;98028;74911;434;74477;21942;26333;3843;8699;1705;9369;0;280;523;697;43;159;55;34;0;0;0;9;0;0;12;0;0;47;0;38;0;429;0;0;0;0;0;11;0;0;0;156;0;93
3457;Leer;132390;96031;886;95145;21578;37183;8422;8808;2916;11226;0;524;968;1332;104;322;42;62;0;0;0;11;0;0;22;0;0;47;0;57;0;1136;0;0;0;0;0;16;0;0;0;135;0;234
3458;Oldenburg;101940;78267;507;77760;18183;24283;5525;10141;2338;12927;0;831;629;1056;64;291;40;46;0;0;0;9;0;0;8;0;0;74;0;32;0;863;0;0;0;0;0;37;0;0;0;164;0;219
3459;Osnabrück;273117;209726;1729;207997;58827;67707;12920;22464;5421;31864;0;1064;1480;1900;165;564;120;100;0;0;0;14;0;0;42;0;0;127;0;91;0;2357;0;0;0;0;0;23;0;0;0;432;0;315
3460;Vechta;102148;76972;463;76509;29923;17924;4479;9644;1652;9992;0;413;501;757;52;203;47;37;0;0;0;7;0;0;10;0;0;46;0;50;0;458;0;0;0;0;0;18;0;0;0;150;0;146
3461;Wesermarsch;69484;49435;626;48809;10460;18861;3830;5010;1417;6489;0;444;529;686;45;180;27;34;0;0;0;10;0;0;13;0;0;33;0;33;0;465;0;0;0;0;0;11;0;0;0;149;0;83
3462;Wittmund;46677;33654;259;33395;8315;12755;2853;3351;862;3516;0;315;298;535;42;91;14;18;0;0;0;11;0;0;12;0;0;22;0;18;0;275;0;0;0;0;0;7;0;0;0;43;0;42
4011;Bremen, Stadt;381163;280193;1817;278376;47835;85092;17297;26315;22619;61430;0;2402;3197;3573;239;0;348;414;0;0;0;134;0;301;0;0;0;481;0;0;0;2933;0;0;0;0;0;0;0;0;0;2572;0;1194
4012;Bremerhaven, Stadt;78586;50238;574;49664;8664;18132;5278;4166;2733;6997;0;509;712;944;52;0;59;101;0;0;0;26;0;85;0;0;0;108;0;0;0;528;0;0;0;0;0;0;0;0;0;442;0;128
5111;Düsseldorf, Stadt;410929;317397;1662;315735;76531;73866;15998;45078;13672;70976;0;1710;3133;3466;165;1033;200;274;0;0;0;115;290;0;107;0;0;306;0;166;28;2815;91;0;0;0;282;70;107;286;0;2989;0;1981
5112;Duisburg, Stadt;318659;216939;2179;214760;41334;77150;21636;18506;10088;28199;0;1454;2717;4157;385;866;135;202;0;0;0;320;320;0;87;0;0;209;0;142;37;1836;148;0;0;0;344;54;73;270;0;3583;0;508
5113;Essen, Stadt;408110;303419;2235;301184;68441;93613;24400;31848;12031;50180;0;1736;3661;4774;292;960;168;218;0;0;0;231;356;0;212;0;0;257;0;139;45;2739;166;0;0;0;418;104;90;266;0;2942;0;897
5114;Krefeld, Stadt;158951;114486;1005;113481;28601;32234;7748;14227;4600;18392;0;761;1355;1643;93;515;73;83;0;0;0;57;113;0;40;0;0;88;0;61;16;1202;98;0;0;0;154;30;28;103;0;914;0;252
5116;Mönchengladbach, Stadt;185185;129646;1241;128405;36555;34877;9641;15459;4927;18166;0;850;1562;2013;190;467;111;122;0;0;0;24;166;0;86;0;0;109;0;74;12;1343;33;0;0;0;211;22;49;119;0;907;0;310
5117;Mülheim an der Ruhr, Stadt;121418;94571;694;93877;22349;30463;6654;10866;3105;14787;0;425;1091;1281;55;282;59;60;0;0;0;47;114;0;30;0;0;73;0;38;7;846;63;0;0;0;107;28;19;75;0;708;0;245
5119;Oberhausen, Stadt;147254;105651;936;104715;22221;38477;10075;9615;4143;12718;0;632;1646;1941;140;391;78;122;0;0;0;58;146;0;24;0;0;63;0;45;15;713;41;0;0;0;150;19;36;126;0;799;0;281
5120;Remscheid, Stadt;76192;54868;459;54409;13528;16834;4656;6595;2010;6787;0;374;652;941;58;230;33;43;0;0;0;29;76;0;4;0;0;46;0;19;5;561;27;0;0;0;94;12;27;65;0;570;0;133
5122;Solingen, Klingenstadt;111392;82206;636;81570;19519;23701;5878;10149;3158;13293;0;526;1154;1239;61;307;57;60;0;0;0;44;96;0;10;0;0;103;0;30;7;1033;36;0;0;0;120;14;32;78;0;642;0;223
5124;Wuppertal, Stadt;235148;173120;1482;171638;36893;50082;14062;19482;8963;29604;0;1150;1912;2500;191;620;106;141;0;0;0;129;174;0;61;0;0;148;0;85;31;2052;135;0;0;0;213;31;60;154;0;1813;0;846
5154;Kleve;225463;171093;1326;169767;54793;47837;9632;19542;4728;23587;0;1488;1438;2386;150;605;115;107;0;0;0;28;224;0;17;0;0;121;0;77;15;1628;60;0;0;0;241;28;60;167;0;297;0;396
5158;Mettmann;363205;283226;2026;281200;76608;76794;19762;37318;8843;43542;0;1876;2767;3916;239;1265;183;201;0;0;0;81;391;0;33;0;0;179;0;130;29;2842;252;0;0;0;353;83;111;347;0;2172;0;883
5162;Rhein-Kreis Neuss;333192;261478;1764;259714;80779;66262;16378;35814;7096;37341;0;1451;2673;3611;189;914;192;229;0;0;0;45;330;0;64;0;0;187;0;108;35;2668;99;0;0;0;356;52;74;259;0;1779;0;729
5166;Viersen;227166;175085;1333;173752;52896;46375;10357;22281;5203;25673;0;1327;2140;2618;140;632;183;120;0;0;0;31;197;0;22;0;0;133;0;82;12;1808;93;0;0;0;228;33;54;155;0;582;0;377
5170;Wesel;355179;273799;2020;271779;67830;93981;19721;28520;9031;35627;0;1629;3495;4139;237;903;144;158;0;0;0;127;346;0;35;0;0;174;0;121;27;2563;171;0;0;0;399;60;86;273;0;1587;0;395
5314;Bonn, Stadt;230215;185557;1113;184444;41551;41641;7750;21902;10026;50174;0;897;1661;1371;51;611;162;130;0;0;0;57;113;0;47;0;0;196;0;68;12;1823;106;0;0;0;118;75;53;77;0;1817;0;1955
5315;Köln, Stadt;732048;569495;2722;566773;109564;139230;26414;61486;33023;158932;0;2575;6263;6069;249;1851;425;459;0;0;0;225;483;0;148;0;0;529;0;416;51;5470;251;0;0;0;502;118;202;375;0;5730;0;5733
5316;Leverkusen, Stadt;114706;85766;724;85042;20696;25383;6682;9800;2864;13545;0;572;1102;1208;76;385;55;73;0;0;0;38;126;0;10;0;0;64;0;42;11;950;56;0;0;0;118;19;34;90;0;693;0;350
5334;Städteregion Aachen;402726;310690;2310;308380;81610;83996;17836;32924;12712;60339;0;1662;3216;3676;233;1155;411;190;0;0;0;53;260;0;63;0;0;381;0;145;39;2929;96;0;0;0;352;43;85;231;0;1883;0;1860
5358;Düren;199656;153645;1516;152129;46217;44058;13171;17104;4570;16951;0;1296;1387;2465;179;730;88;84;0;0;0;12;222;0;32;0;0;87;0;90;10;1545;162;0;0;0;260;34;54;166;0;641;0;514
5362;Rhein-Erft-Kreis;345958;271042;2027;269015;76103;75789;18697;33133;8091;39921;0;1999;2029;3811;224;1543;145;144;0;0;0;38;316;0;46;0;0;199;0;121;28;2437;93;0;0;0;577;70;97;282;0;2102;0;980
5366;Euskirchen;152275;116634;974;115660;37046;29874;9614;14408;3321;13806;0;1068;1048;1784;93;519;88;87;0;0;0;11;170;0;9;0;0;86;0;59;11;1512;67;0;0;0;184;34;45;139;0;265;0;312
5370;Heinsberg;192346;145368;1397;143971;46466;38822;11359;16023;4529;16858;0;1375;1929;2334;209;532;87;109;0;0;0;18;210;0;10;0;0;75;0;70;14;1602;53;0;0;0;235;30;47;155;0;438;0;382
5374;Oberbergischer Kreis;206640;160146;1472;158674;44018;42413;15211;19796;5153;19959;0;1434;1622;2426;153;652;183;89;0;0;0;25;221;0;15;0;0;104;0;78;18;2809;699;0;0;0;236;34;110;178;0;635;0;403
5378;Rheinisch-Bergischer Kreis;217193;176933;1037;175896;48224;44429;10051;24373;5222;32285;0;1697;1419;2199;100;554;115;119;0;0;0;27;208;0;22;0;0;127;0;76;9;2247;132;0;0;0;223;34;41;157;0;662;0;1144
5382;Rhein-Sieg-Kreis;454690;364854;2609;362245;103269;91282;24155;46557;12040;60332;0;2695;3597;5236;276;1403;322;262;0;0;0;39;419;0;30;0;0;288;0;146;33;4694;389;0;0;0;501;124;113;324;0;1776;0;1943
5512;Bottrop, Stadt;87200;65217;511;64706;15088;23466;6070;6364;2052;7369;0;276;701;1111;71;227;153;40;0;0;0;35;90;0;191;0;0;33;0;32;9;445;8;0;0;0;112;20;25;64;0;528;0;126
5513;Gelsenkirchen, Stadt;168496;112317;1033;111284;22091;41326;14204;9721;3853;11170;0;723;1245;2572;181;394;51;70;0;0;0;222;176;0;28;0;0;69;0;51;13;775;55;0;0;0;184;21;22;128;0;1753;0;186
5515;Münster, Stadt;233953;196276;820;195456;43790;45844;5603;20786;9746;60036;0;691;1684;1326;45;479;422;150;0;0;0;12;116;0;75;0;0;205;0;93;22;1409;42;0;0;0;138;25;52;79;0;774;0;1812
5554;Borken;279090;221748;1297;220451;81295;57942;11160;26044;5617;28431;0;1369;1823;2081;127;682;148;109;0;0;0;30;208;0;31;0;0;116;0;86;13;1563;87;0;0;0;226;39;67;189;0;549;0;419
5558;Coesfeld;174248;143808;796;143012;49344;38171;6768;15918;3595;22491;0;908;1214;1454;111;529;84;76;0;0;0;6;162;0;13;0;0;76;0;44;5;1063;49;0;0;0;134;28;41;141;0;231;0;356
5562;Recklinghausen;463750;342998;2606;340392;83324;119286;31278;33843;10755;39872;0;1613;4137;5754;401;1320;179;220;0;0;0;211;491;0;114;0;0;203;0;162;34;2662;154;0;0;0;497;126;111;345;0;2725;0;575
5566;Steinfurt;340361;270196;1750;268446;78846;84180;14773;28942;7987;40843;0;1527;2435;2591;204;858;166;125;0;0;0;42;237;0;34;0;0;158;0;70;26;2068;112;0;0;0;297;44;71;203;0;770;0;837
5570;Warendorf;208754;165808;1186;164622;51722;47648;10533;18193;4525;23309;0;1014;1553;1729;128;535;200;84;0;0;0;13;179;0;31;0;0;108;0;62;13;1518;113;0;0;0;207;33;54;132;0;635;0;351
5711;Bielefeld, Stadt;234469;178319;1139;177180;35703;47926;12048;19982;11159;38650;0;675;2261;1815;118;663;187;116;0;0;0;87;213;0;64;0;0;153;0;103;23;2186;327;0;0;0;183;30;76;181;0;1555;0;696
5754;Gütersloh;263176;202815;1543;201272;59031;53209;15226;24080;5885;31797;0;1596;2093;2162;147;692;167;122;0;0;0;23;244;0;35;0;0;110;0;87;12;2356;342;0;0;0;289;43;59;193;0;840;0;432
5758;Herford;189792;143339;1202;142137;33020;45277;13679;16671;5093;19032;0;1132;1658;1852;122;485;65;89;0;0;0;31;133;0;29;0;0;87;0;70;13;1883;394;0;0;0;178;32;43;159;0;655;0;255
5762;Höxter;110898;86911;805;86106;30754;22647;6635;9780;2382;9227;0;591;839;937;73;378;140;43;0;0;0;3;119;0;4;0;0;58;0;30;3;849;103;0;0;0;114;23;23;62;0;172;0;117
5766;Lippe;265543;203774;1862;201912;46554;62981;20160;23736;7385;26788;0;1648;2130;2623;208;766;190;119;0;0;0;31;224;0;25;0;0;159;0;101;15;3088;1380;0;0;0;285;88;68;206;0;629;0;325
5770;Minden-Lübbecke;238990;180060;1569;178491;42563;57433;16357;20699;5802;23462;0;1598;2088;2167;154;622;109;88;0;0;0;29;187;0;28;0;0;162;0;103;15;2393;1157;0;0;0;221;35;55;190;0;499;0;275
5774;Paderborn;231534;178377;1395;176982;58419;39089;14360;21877;5858;26981;0;1137;1925;1863;135;600;134;108;0;0;0;28;191;0;26;0;0;148;0;79;22;2195;310;0;0;0;220;37;62;160;0;523;0;495
5911;Bochum, Stadt;267771;202260;1495;200765;38393;67799;14552;18756;10378;37652;0;982;2560;2941;264;726;175;166;0;0;0;147;271;0;75;0;0;237;0;110;18;1633;115;0;0;0;264;66;61;170;0;1602;0;652
5913;Dortmund, Stadt;406044;299669;2005;297664;55447;101197;22036;28179;13927;53581;0;1597;5877;5604;448;1306;190;162;0;0;0;144;371;0;142;0;0;229;0;154;57;2285;122;0;0;0;342;65;75;255;0;2961;0;911
5914;Hagen, Stadt der FernUniversität;127926;88648;717;87931;20756;28917;9235;9455;3129;10044;0;636;1003;1546;92;326;55;54;0;0;0;65;127;0;26;0;0;67;0;34;3;657;72;0;0;0;133;16;34;110;0;1200;0;139
5915;Hamm, Stadt;124312;90144;761;89383;21680;31904;8256;9046;3004;9976;0;605;769;1301;121;333;49;46;0;0;0;1;124;0;15;0;0;53;0;39;10;658;51;0;0;0;136;23;29;74;0;861;0;219
5916;Herne, Stadt;108561;75476;812;74664;14582;28941;7562;6450;2876;8526;0;472;821;1495;109;387;36;65;0;0;0;77;93;0;18;0;0;61;0;39;5;516;43;0;0;0;139;26;27;62;0;1096;0;140
5954;Ennepe-Ruhr-Kreis;248951;192809;1431;191378;43309;64147;14179;21156;6757;29134;0;1238;2211;2931;198;1051;187;120;0;0;0;116;253;0;67;0;0;139;0;88;17;2028;201;0;0;0;282;36;59;192;0;908;0;374
5958;Hochsauerlandkreis;200496;156518;1024;155494;52017;44640;11532;18712;3989;15473;0;1583;1983;1943;122;462;99;87;0;0;0;14;181;0;11;0;0;80;0;52;8;1346;69;0;0;0;186;28;37;128;0;380;0;332
5962;Märkischer Kreis;297658;217655;1709;215946;59971;63876;20503;26189;7116;22871;0;1849;1899;4082;285;843;277;119;0;0;0;67;339;0;58;0;0;164;0;108;19;2514;392;0;0;0;346;41;72;222;0;1377;0;347
5966;Olpe;101508;80864;531;80333;30761;20716;5679;10163;1838;7252;0;630;614;811;81;208;73;34;0;0;0;11;96;0;34;0;0;34;0;29;6;658;39;0;0;0;87;14;20;60;0;239;0;146
5970;Siegen-Wittgenstein;207672;162162;1164;160998;42161;50327;14709;18597;5726;17842;0;1340;2043;2099;166;485;358;103;0;0;0;24;182;0;47;0;0;156;0;68;7;2107;467;0;0;0;198;36;51;134;0;886;0;679
5974;Soest;231811;179003;1174;177829;51697;51061;14206;21005;5520;24089;0;1176;1724;2260;156;666;118;89;0;0;0;12;246;0;31;0;0;121;0;89;13;2038;159;0;0;0;251;34;73;173;0;495;0;327
5978;Unna;301407;226699;1718;224981;50759;80813;18669;23004;7844;29195;0;1725;2545;3941;261;841;122;138;0;0;0;86;333;0;40;0;0;167;0;118;13;1657;148;0;0;0;342;34;74;260;0;1368;0;484
6411;Darmstadt, Wissenschaftsstadt;105691;83408;610;82798;12227;19427;4220;9102;6589;23868;0;723;913;902;47;414;167;83;0;0;0;60;76;0;43;0;0;202;0;0;0;983;116;0;0;11;0;29;0;0;0;785;0;1811
6412;Frankfurt am Main, Stadt;428423;320014;2600;317414;57575;71276;16034;46891;22285;78191;0;2696;2954;3470;201;1331;246;369;0;0;0;120;369;0;184;0;0;400;0;0;0;3520;267;0;0;71;0;95;0;0;0;4461;0;4408
6413;Offenbach am Main, Stadt;67383;45484;535;44949;8516;11291;3592;4930;3682;8636;0;591;433;682;47;320;44;61;0;0;0;9;64;0;34;0;0;50;0;0;0;572;20;0;0;11;0;6;0;0;0;1030;0;328
6414;Wiesbaden, Landeshauptstadt;186735;136214;1348;134866;28523;33546;9588;18947;7128;26818;0;1411;1049;1651;104;525;139;135;0;0;0;34;152;0;35;0;0;252;0;0;0;1911;112;0;0;34;0;81;0;0;0;1367;0;1324
6431;Bergstraße;197782;153176;1733;151443;37064;41124;14377;20432;4629;21457;0;2723;1221;3029;237;617;151;145;0;0;0;18;258;0;33;0;0;153;0;0;0;2465;176;0;0;63;0;47;0;0;0;533;0;491
6432;Darmstadt-Dieburg;213688;166618;2107;164511;35879;47486;12921;20496;6529;27161;0;2576;1637;2736;170;683;206;158;0;0;0;68;237;0;128;0;0;152;0;0;0;2779;306;0;0;81;0;45;0;0;0;937;0;1140
6433;Groß-Gerau;174082;129261;1677;127584;27301;37973;11246;14999;5394;18928;0;2478;1387;2163;149;545;137;141;0;0;0;81;214;0;92;0;0;175;0;0;0;1462;157;0;0;56;0;39;0;0;0;1998;0;469
6434;Hochtaunuskreis;163309;133109;1073;132036;36123;28536;8693;22902;3992;22955;0;1830;951;1716;92;551;130;114;0;0;0;12;161;0;29;0;0;140;0;0;0;1662;92;0;0;62;0;42;0;0;0;572;0;679
6435;Main-Kinzig-Kreis;297502;225899;3069;222830;52217;60895;25035;28832;7934;28935;0;4409;2046;4255;433;892;248;224;0;0;0;50;427;0;78;0;0;272;0;0;0;2865;186;0;0;87;0;54;0;0;0;1597;0;859
6436;Main-Taunus-Kreis;165007;132823;1228;131595;34796;29684;9040;21229;4131;22796;0;2213;1109;1793;103;443;142;123;0;0;0;27;188;0;17;0;0;137;0;0;0;1596;86;0;0;49;0;29;0;0;0;1029;0;835
6437;Odenwaldkreis;70263;52627;810;51817;11720;16410;5563;6081;1984;5681;0;975;418;916;78;163;53;46;0;0;0;25;96;0;23;0;0;45;0;0;0;1047;68;0;0;17;0;19;0;0;0;170;0;219
6438;Offenbach;237150;178661;2768;175893;44741;42976;13979;24705;6100;28358;0;2932;1508;2845;148;842;162;187;0;0;0;28;267;0;53;0;0;161;0;0;0;2647;133;0;0;55;0;52;0;0;0;1803;0;1211
6439;Rheingau-Taunus-Kreis;138706;110891;1102;109789;26924;28502;8954;15650;3625;17510;0;2190;912;1772;113;426;112;128;0;0;0;19;157;0;25;0;0;133;0;0;0;1589;158;0;0;35;0;44;0;0;0;301;0;510
6440;Wetteraukreis;225537;175341;2289;173052;40778;45870;16141;23665;5996;25715;0;3844;1485;2990;626;989;176;190;0;0;0;28;303;0;37;0;0;162;0;0;0;2384;149;0;0;70;0;46;0;0;0;737;0;671
6531;Gießen;199542;149069;2144;146925;32552;39986;12795;15692;7579;25826;0;3438;1743;2133;189;506;225;167;0;0;0;29;179;0;104;0;0;205;0;0;0;1757;232;0;0;48;0;43;0;0;0;620;0;877
6532;Lahn-Dill-Kreis;188484;138812;1684;137128;34434;40256;16388;15708;4486;14720;0;2705;1470;2033;363;410;228;107;0;0;0;16;216;0;67;0;0;110;0;0;0;1803;515;0;0;33;0;34;0;0;0;683;0;343
6533;Limburg-Weilburg;128800;97154;1129;96025;26161;26625;9419;12295;2796;11324;0;1950;691;1559;158;490;65;76;0;0;0;9;148;0;16;0;0;78;0;0;0;1290;90;0;0;32;0;21;0;0;0;320;0;412
6534;Marburg-Biedenkopf;181588;141581;1312;140269;31042;42098;12558;14789;8089;22347;0;1767;1178;1863;176;453;291;115;0;0;0;23;177;0;61;0;0;133;0;0;0;1828;275;0;0;43;0;32;0;0;0;497;0;434
6535;Vogelsbergkreis;83998;64360;951;63409;15613;19462;8010;7149;2324;5831;0;1554;527;886;149;189;70;55;0;0;0;10;118;0;27;0;0;38;0;0;0;963;96;0;0;25;0;7;0;0;0;126;0;180
6611;Kassel, documenta-Stadt;137258;98835;1042;97793;15444;27979;6699;9629;8140;22571;0;1002;1169;1308;75;468;127;109;0;0;0;114;120;0;73;0;0;130;0;0;0;1268;120;0;0;25;0;13;0;0;0;882;0;328
6631;Fulda;169000;132799;1391;131408;42971;27057;17439;17162;3419;13547;0;2361;1103;1589;181;370;163;121;0;0;0;17;190;0;25;0;0;113;0;0;0;1861;410;0;0;56;0;49;0;0;0;330;0;874
6632;Hersfeld-Rotenburg;92118;70127;1005;69122;14699;26115;8906;7418;2059;5470;0;1126;537;937;123;196;39;35;0;0;0;18;109;0;8;0;0;46;0;0;0;704;176;0;0;46;0;13;0;0;0;137;0;205
6633;Kassel;187564;145753;2164;143589;29199;55085;12844;15201;5210;16619;0;2291;1090;2295;158;530;114;105;0;0;0;47;235;0;29;0;0;100;0;0;0;1390;158;0;0;46;0;37;0;0;0;564;0;242
6634;Schwalm-Eder-Kreis;141354;108617;1767;106850;22135;39469;11476;11534;3389;10832;0;2799;950;1589;183;403;93;63;0;0;0;13;204;0;17;0;0;68;0;0;0;1018;152;0;0;39;0;34;0;0;0;216;0;174
6635;Waldeck-Frankenberg;122315;89228;1417;87811;21710;28443;9068;10794;2631;9190;0;1963;637;1096;130;249;73;35;0;0;0;14;125;0;40;0;0;61;0;0;0;1102;134;0;0;27;0;12;0;0;0;141;0;136
6636;Werra-Meißner-Kreis;79768;60778;874;59904;13168;22464;5993;5389;2465;6125;0;1608;451;839;78;147;82;36;0;0;0;17;101;0;16;0;0;35;0;0;0;640;28;0;0;44;0;9;0;0;0;61;0;108
7111;Koblenz, kreisfreie Stadt;82526;61749;462;61287;14659;16576;3975;7002;2549;11335;0;1724;620;678;33;373;154;88;58;0;0;13;0;0;0;0;0;74;0;0;0;687;0;0;0;0;0;27;0;0;0;319;0;343
7131;Ahrweiler;100730;76960;659;76301;22848;20933;4816;9328;1935;10133;0;2401;593;1024;78;345;202;59;57;0;0;11;0;0;0;0;0;64;0;0;0;748;0;0;0;0;0;33;0;0;0;387;0;306
7132;Altenkirchen (Westerwald);99851;75958;630;75328;20920;22931;7561;8743;2316;6813;0;2063;781;1101;112;287;110;50;48;0;0;21;0;0;0;0;0;57;0;0;0;966;0;0;0;0;0;23;0;0;0;216;0;209
7133;Bad Kreuznach;119761;91666;935;90731;22422;29012;8219;10437;2953;9738;0;2649;720;1378;97;339;440;70;49;0;0;18;0;0;0;0;0;80;0;0;0;1297;0;0;0;0;0;79;0;0;0;271;0;463
7134;Birkenfeld;62619;46443;516;45927;11011;15247;5291;5267;1501;3165;0;1967;462;676;81;158;97;42;43;0;0;12;0;0;0;0;0;35;0;0;0;633;0;0;0;0;0;26;0;0;0;68;0;145
7135;Cochem-Zell;48546;38184;394;37790;12701;10303;2865;4464;933;3166;0;1556;289;533;35;139;66;31;26;0;0;5;0;0;0;0;0;22;0;0;0;402;0;0;0;0;0;12;0;0;0;63;0;179
7137;Mayen-Koblenz;166051;127280;1165;126115;35196;37487;10656;14579;3288;14024;0;4588;1088;1705;108;575;240;102;91;0;0;19;0;0;0;0;0;89;0;0;0;1353;0;0;0;0;0;45;0;0;0;437;0;445
7138;Neuwied;138267;105879;914;104965;27418;31087;9943;12008;3101;12117;0;3797;965;1445;102;414;135;102;51;0;0;10;0;0;0;0;0;96;0;0;0;1320;0;0;0;0;0;47;0;0;0;476;0;331
7140;Rhein-Hunsrück-Kreis;80453;63461;647;62814;16867;18055;5820;8095;1817;6140;0;2459;539;844;69;237;206;63;39;0;0;10;0;0;0;0;0;50;0;0;0;914;0;0;0;0;0;25;0;0;0;140;0;425
7141;Rhein-Lahn-Kreis;94277;72716;743;71973;16707;24143;6208;7670;2262;7901;0;3149;735;1139;71;253;132;68;49;0;0;14;0;0;0;0;0;53;0;0;0;966;0;0;0;0;0;32;0;0;0;164;0;257
7143;Westerwaldkreis;155376;121053;1028;120025;33615;35327;10658;14297;3311;12131;0;4406;1230;1717;147;440;145;102;74;0;0;19;0;0;0;0;0;111;0;0;0;1456;0;0;0;0;0;48;0;0;0;439;0;352
7211;Trier, kreisfreie Stadt;78348;58177;414;57763;11459;16366;3316;6276;3149;12519;0;1276;679;667;40;243;174;81;60;0;0;11;0;0;0;0;0;101;0;0;0;695;0;0;0;0;0;14;0;0;0;191;0;446
7231;Bernkastel-Wittlich;85718;66259;764;65495;18999;18877;4993;7832;1890;6188;0;3449;513;867;49;231;190;47;47;0;0;5;0;0;0;0;0;41;0;0;0;871;0;0;0;0;0;28;0;0;0;125;0;253
7232;Eifelkreis Bitburg-Prüm;71963;54344;665;53679;15612;14693;3435;5891;1249;4916;0;5539;424;620;51;136;140;28;25;0;0;3;0;0;0;0;0;34;0;0;0;601;0;0;0;0;0;17;0;0;0;87;0;178
7233;Vulkaneifel;47915;36918;380;36538;11571;10430;2742;4379;1101;3231;0;1277;372;454;27;127;128;24;29;0;0;8;0;0;0;0;0;28;0;0;0;416;0;0;0;0;0;13;0;0;0;56;0;125
7235;Trier-Saarburg;112182;88994;1126;87868;23119;27757;5685;9930;2563;10189;0;4103;828;1336;74;295;189;63;56;0;0;19;0;0;0;0;0;78;0;0;0;983;0;0;0;0;0;36;0;0;0;152;0;413
7311;Frankenthal (Pfalz), kreisfreie Stadt;32565;23249;254;22995;5701;6682;2922;2588;670;2467;0;673;200;379;41;87;29;18;21;0;0;4;0;0;0;0;0;36;0;0;0;231;0;0;0;0;0;10;0;0;0;150;0;86
7312;Kaiserslautern, kreisfreie Stadt;69296;48513;496;48017;8946;13826;5772;5361;2298;7237;0;1617;523;782;64;241;94;48;45;0;0;18;0;0;0;0;0;85;0;0;0;539;0;0;0;0;0;27;0;0;0;184;0;310
7313;Landau in der Pfalz, kreisfreie Stadt;35938;27951;194;27757;5295;7283;1888;3199;1477;6148;0;629;310;430;27;127;88;44;46;0;0;8;0;0;0;0;0;37;0;0;0;453;0;0;0;0;0;6;0;0;0;89;0;173
7314;Ludwigshafen am Rhein, kreisfreie Stadt;100197;67896;729;67167;12908;20786;8465;7675;2464;8111;0;1997;597;1292;120;337;98;68;76;0;0;45;0;0;0;0;0;70;0;0;0;740;0;0;0;0;0;45;0;0;0;881;0;392
7315;Mainz, kreisfreie Stadt;148407;119437;707;118730;22666;29835;5166;13207;6650;32527;0;1751;975;957;46;528;742;143;116;0;0;25;0;0;0;0;0;209;0;0;0;1049;0;0;0;0;0;38;0;0;0;928;0;1172
7316;Neustadt an der Weinstraße, kreisfreie Stadt;40680;31594;245;31349;7421;8147;3161;3744;864;4995;0;1493;217;357;26;105;76;36;25;0;0;3;0;0;0;0;0;30;0;0;0;385;0;0;0;0;0;9;0;0;0;76;0;179
7317;Pirmasens, kreisfreie Stadt;30507;20113;324;19789;4785;5805;3050;2229;643;1252;0;495;266;670;69;79;13;23;22;0;0;6;0;0;0;0;0;19;0;0;0;254;0;0;0;0;0;8;0;0;0;34;0;67
7318;Speyer, kreisfreie Stadt;35930;26990;244;26746;5797;7289;2669;3289;1077;4415;0;638;246;406;18;99;71;36;25;0;0;5;0;0;0;0;0;23;0;0;0;386;0;0;0;0;0;9;0;0;0;86;0;162
7319;Worms, kreisfreie Stadt;57136;40286;579;39707;8891;12066;4755;4364;1375;4778;0;863;329;667;65;246;93;47;27;0;0;6;0;0;0;0;0;36;0;0;0;641;0;0;0;0;0;21;0;0;0;224;0;213
7320;Zweibrücken, kreisfreie Stadt;25747;18512;205;18307;3723;6027;2408;2029;696;1740;0;486;250;431;34;88;33;22;11;0;0;8;0;0;0;0;0;15;0;0;0;217;0;0;0;0;0;4;0;0;0;35;0;50
7331;Alzey-Worms;98411;78356;819;77537;17613;23699;8598;9670;2198;8668;0;2546;518;1240;149;399;200;79;43;0;0;20;0;0;0;0;0;103;0;0;0;1056;0;0;0;0;0;43;0;0;0;269;0;426
7332;Bad Dürkheim;104771;84439;783;83656;19908;24094;8461;10870;2149;10436;0;3222;551;1301;100;271;123;75;63;0;0;11;0;0;0;0;0;96;0;0;0;1226;0;0;0;0;0;34;0;0;0;213;0;452
7333;Donnersbergkreis;58416;44818;462;44356;9047;14607;5373;4721;1388;4230;0;2417;407;887;86;191;64;46;29;0;0;8;0;0;0;0;0;32;0;0;0;539;0;0;0;0;0;37;0;0;0;106;0;141
7334;Germersheim;93969;72915;699;72216;17346;19717;9123;9279;2059;7780;0;2480;628;1318;88;258;186;82;69;0;0;22;0;0;0;0;0;68;0;0;0;964;0;0;0;0;0;34;0;0;0;426;0;289
7335;Kaiserslautern;80624;62878;725;62153;14592;18807;8258;6365;2087;5349;0;3202;584;1250;128;198;95;37;42;0;0;10;0;0;0;0;0;56;0;0;0;722;0;0;0;0;0;31;0;0;0;130;0;210
7336;Kusel;55944;43455;476;42979;8363;15692;5550;3789;1612;3163;0;2329;416;878;92;164;41;27;26;0;0;6;0;0;0;0;0;28;0;0;0;572;0;0;0;0;0;19;0;0;0;80;0;132
7337;Südliche Weinstraße;87093;70393;690;69703;16780;20028;6691;8642;2062;8954;0;2384;577;1350;103;274;197;68;67;0;0;8;0;0;0;0;0;46;0;0;0;972;0;0;0;0;0;33;0;0;0;150;0;317
7338;Rhein-Pfalz-Kreis;116242;94571;904;93667;23313;26018;9896;12078;2307;11653;0;3146;729;1612;125;336;153;113;94;0;0;26;0;0;0;0;0;83;0;0;0;1134;0;0;0;0;0;57;0;0;0;381;0;413
7339;Mainz-Bingen;158619;131227;1091;130136;31037;37945;9347;16032;4263;21009;0;3194;992;1773;113;687;450;117;94;0;0;22;0;0;0;0;0;158;0;0;0;1535;0;0;0;0;0;51;0;0;0;461;0;856
7340;Südwestpfalz;78260;63387;801;62586;17277;17957;7469;7122;1866;4517;0;2431;691;1595;111;223;67;53;53;0;0;10;0;0;0;0;0;41;0;0;0;796;0;0;0;0;0;23;0;0;0;84;0;200
8111;Stuttgart, Stadtkreis;370769;291102;1568;289534;59939;61201;16132;46309;14866;72780;0;2294;2531;2639;96;1165;637;0;277;0;0;230;166;0;104;0;0;370;0;0;0;3410;322;320;0;57;0;38;0;0;0;2152;0;1499
8115;Böblingen;261193;208175;1308;206867;54146;42458;17927;37458;5428;34674;0;3534;1528;1905;157;746;474;0;206;0;0;103;194;0;34;0;0;204;0;0;0;2785;510;275;0;68;0;53;0;0;0;1318;0;682
8116;Esslingen;362474;289473;1927;287546;73835;62183;23305;48174;8236;50358;0;4519;2498;3264;199;933;702;0;333;0;0;144;333;0;53;0;0;319;0;0;0;4589;632;311;0;87;0;71;0;0;0;1792;0;676
8117;Göppingen;177107;135606;1183;134423;35079;31422;15412;21723;3338;16916;0;2525;1176;1660;150;504;293;0;122;0;0;59;161;0;16;0;0;85;0;0;0;2340;158;177;0;55;0;31;0;0;0;685;0;336
8118;Ludwigsburg;362801;290620;1769;288851;72149;64117;25439;46196;8531;50762;0;4846;2468;3064;245;1009;912;0;316;0;0;100;278;0;49;0;0;294;0;0;0;4379;522;424;0;96;0;62;0;0;0;1671;0;922
8119;Rems-Murr-Kreis;295389;232553;1487;231066;58710;49811;22672;40202;6525;34696;0;3271;2111;2684;210;1153;656;0;228;0;0;91;249;0;45;0;0;232;0;0;0;5002;599;290;0;58;0;57;0;0;0;948;0;566
8121;Heilbronn, Stadtkreis;75517;53729;492;53237;11674;12428;6531;8650;1899;8105;0;669;630;485;44;182;115;0;59;0;0;48;68;0;11;0;0;71;0;0;0;775;85;48;0;19;0;11;0;0;0;428;0;202
8125;Heilbronn;243164;192323;1686;190637;46809;42230;24511;32092;4730;24256;0;3702;2100;2277;363;632;625;0;163;0;0;70;262;0;19;0;0;263;0;0;0;3215;488;258;0;66;0;62;0;0;0;965;0;479
8126;Hohenlohekreis;82391;63999;569;63430;15948;13722;8537;10415;1659;7903;0;1256;529;789;171;213;204;0;30;0;0;12;91;0;10;0;0;49;0;0;0;1210;207;81;0;25;0;17;0;0;0;146;0;206
8127;Schwäbisch Hall;143483;108688;888;107800;25999;23550;13250;17435;3321;14831;0;1685;1143;1188;161;395;512;0;77;0;0;55;151;0;15;0;0;95;0;0;0;2795;443;120;0;36;0;23;0;0;0;273;0;247
8128;Main-Tauber-Kreis;101140;79500;801;78699;23956;17016;8960;9861;2102;9355;0;2651;836;877;113;248;404;0;59;0;0;13;130;0;3;0;0;58;0;0;0;1454;120;87;0;29;0;26;0;0;0;159;0;182
8135;Heidenheim;92927;69621;593;69028;16398;17516;8322;9770;2037;8586;0;1479;650;811;101;277;260;0;82;0;0;60;102;0;45;0;0;61;0;0;0;1790;128;56;0;18;0;11;0;0;0;328;0;140
8136;Ostalbkreis;231207;178758;1434;177324;50722;39235;18396;26986;4904;23621;0;3338;1688;1879;224;604;334;0;106;0;0;83;215;0;20;0;0;138;0;0;0;3174;319;193;0;52;0;44;0;0;0;613;0;436
8211;Baden-Baden, Stadtkreis;38068;28262;217;28045;7845;6101;2273;4291;847;4821;0;365;177;309;13;81;41;0;25;0;0;1;22;0;2;0;0;28;0;0;0;552;20;31;0;7;0;8;0;0;0;90;0;95
8212;Karlsruhe, Stadtkreis;205608;159591;1123;158468;27998;33828;10774;20615;8910;44011;0;1438;1851;1608;71;622;385;0;182;0;0;89;138;0;44;0;0;463;0;0;0;2863;322;101;0;34;0;23;0;0;0;785;0;1313
8215;Karlsruhe;322530;256109;2150;253959;66094;57066;26678;37449;6838;38725;0;4935;2369;3829;260;789;462;0;188;0;0;41;365;0;33;0;0;341;0;0;0;4483;692;325;0;100;0;79;0;0;0;988;0;830
8216;Rastatt;166822;127069;1314;125755;33650;30341;14060;16959;3433;17105;0;2635;922;1717;131;465;158;0;95;0;0;24;165;0;15;0;0;104;0;0;0;2720;81;139;0;49;0;27;0;0;0;363;0;397
8221;Heidelberg, Stadtkreis;100223;81558;330;81228;13780;16719;3865;9892;5380;26703;0;528;691;572;26;213;212;0;81;0;0;29;69;0;23;0;0;213;0;0;0;998;90;21;0;16;0;20;0;0;0;290;0;797
8222;Mannheim, Stadtkreis;196863;142132;1165;140967;25682;35651;12846;18515;7066;29814;0;1871;1471;2178;146;529;241;0;146;0;0;81;216;0;58;0;0;200;0;0;0;1845;146;136;0;50;0;23;0;0;0;1212;0;844
8225;Neckar-Odenwald-Kreis;108278;82558;763;81795;24910;18562;10248;11082;1982;8393;0;2050;727;1034;133;262;186;0;40;0;0;10;130;0;10;0;0;69;0;0;0;1270;150;108;0;31;0;16;0;0;0;186;0;206
8226;Rhein-Neckar-Kreis;397462;314463;2755;311708;77477;75245;29310;44478;9334;51785;0;5427;2777;4406;408;1012;515;0;227;0;0;74;440;0;60;0;0;364;0;0;0;4828;511;293;0;79;0;63;0;0;0;1209;0;1386
8231;Pforzheim, Stadtkreis;74174;50001;519;49482;11493;10170;7852;7579;1620;6141;0;784;441;1036;60;183;82;0;44;0;0;33;61;0;6;0;0;57;0;0;0;694;158;410;0;18;0;17;0;0;0;335;0;208
8235;Calw;112513;86893;687;86206;24445;16077;11110;14506;2130;10194;0;1910;695;1253;112;271;262;0;72;0;0;20;106;0;17;0;0;85;0;0;0;1769;477;118;0;29;0;58;0;0;0;348;0;142
8236;Enzkreis;142952;113981;846;113135;27831;24092;14176;18925;2722;15072;0;2130;1091;2240;158;378;236;0;71;0;0;29;145;0;12;0;0;120;0;0;0;1734;661;456;0;37;0;35;0;0;0;375;0;409
8237;Freudenstadt;86579;65970;588;65382;18396;12494;8363;12264;1526;7107;0;1166;460;979;85;206;189;0;37;0;0;9;83;0;11;0;0;31;0;0;0;1223;318;84;0;19;0;40;0;0;0;181;0;111
8311;Freiburg im Breisgau, Stadtkreis;157938;126936;680;126256;17857;25975;5497;12010;10577;45404;0;954;1258;1269;33;336;410;0;179;0;0;59;84;0;13;0;0;218;0;0;0;2764;148;53;0;21;0;18;0;0;0;463;0;656
8315;Breisgau-Hochschwarzwald;194326;155782;1266;154516;38165;35652;10232;20403;5141;32198;0;2336;1278;2306;95;451;470;0;116;0;0;36;192;0;22;0;0;135;0;0;0;3907;324;143;0;38;0;31;0;0;0;432;0;413
8316;Emmendingen;123797;97379;687;96692;22999;23677;7240;12342;3185;18803;0;1673;931;1839;87;341;470;0;103;0;0;10;101;0;10;0;0;63;0;0;0;1929;138;91;0;30;0;19;0;0;0;240;0;371
8317;Ortenaukreis;316089;239266;2444;236822;61817;51849;23936;34376;6753;34603;0;5546;2121;3733;240;853;528;0;224;0;0;34;314;0;34;0;0;203;0;0;0;6989;381;329;0;101;0;60;0;0;0;1150;0;648
8325;Rottweil;102476;78338;913;77425;20902;14224;10374;14668;1732;8235;0;1489;462;953;102;286;649;0;53;0;0;4;117;0;10;0;0;105;0;0;0;2329;170;103;0;39;0;19;0;0;0;213;0;187
8326;Schwarzwald-Baar-Kreis;147679;110997;1217;109780;29026;23058;12212;17913;2756;14582;0;2046;770;1442;183;396;242;0;80;0;0;55;176;0;39;0;0;100;0;0;0;3519;278;131;0;46;0;28;0;0;0;370;0;332
8327;Tuttlingen;95706;71326;938;70388;19916;13299;9373;12100;1588;7801;0;1237;511;1012;119;263;178;0;53;0;0;8;99;0;14;0;0;138;0;0;0;1806;129;85;0;26;0;18;0;0;0;431;0;184
8335;Konstanz;206009;157563;1163;156400;36209;32657;13341;23509;5804;32913;0;2204;1643;1928;141;546;463;0;140;0;0;33;141;0;35;0;0;164;0;0;0;3022;221;167;0;45;0;103;0;0;0;401;0;570
8336;Lörrach;161441;119785;1053;118732;25596;29305;10299;17498;3819;21791;0;2035;1224;1646;106;576;228;0;120;0;0;65;161;0;22;0;0;113;0;0;0;2583;465;145;0;51;0;52;0;0;0;483;0;349
8337;Waldshut;119038;88732;772;87960;23774;19867;8286;12325;2319;13579;0;1814;551;1082;86;317;289;0;82;0;0;21;91;0;11;0;0;62;0;0;0;2295;152;110;0;38;0;17;0;0;0;299;0;493
8415;Reutlingen;199189;153820;1245;152575;39504;31535;15652;25288;5081;24197;0;2434;1239;1700;151;552;329;0;105;0;0;79;180;0;21;0;0;176;0;0;0;2442;445;205;0;71;0;49;0;0;0;689;0;451
8416;Tübingen;162818;133827;747;133080;27977;27207;8774;17764;7488;34454;0;1555;1090;1360;99;447;440;0;203;0;0;42;125;0;37;0;0;183;0;0;0;2145;287;114;0;27;0;29;0;0;0;694;0;539
8417;Zollernalbkreis;137649;102855;1155;101700;27369;20356;13226;18318;2737;11172;0;1721;959;1500;138;379;297;0;69;0;0;102;120;0;14;0;0;88;0;0;0;2048;201;113;0;31;0;22;0;0;0;489;0;231
8421;Ulm, Stadtkreis;82816;64752;378;64374;12959;14217;4467;8833;2798;15839;0;948;640;843;33;404;179;0;68;0;0;49;84;0;15;0;0;175;0;0;0;890;97;62;0;24;0;19;0;0;0;427;0;304
8425;Alb-Donau-Kreis;140560;112785;994;111791;33846;22201;11579;16556;2579;15399;0;2860;889;1648;140;510;336;0;75;0;0;38;168;0;21;0;0;135;0;0;0;1676;256;150;0;44;0;44;0;0;0;393;0;248
8426;Biberach;147677;116410;992;115418;35249;20300;12680;16723;2586;15718;0;3587;1051;1699;145;508;1027;0;110;0;0;11;164;0;13;0;0;99;0;0;0;2612;228;179;0;37;0;26;0;0;0;362;0;304
8435;Bodenseekreis;158573;126023;860;125163;33200;24900;10591;19832;3571;22069;0;2251;1250;1286;85;442;518;0;126;0;0;26;112;0;30;0;0;106;0;0;0;3435;181;144;0;42;0;44;0;0;0;491;0;431
8436;Ravensburg;209287;163955;1165;162790;44150;30602;14278;24180;5116;27888;0;4319;1497;1826;106;587;1255;0;175;0;0;47;185;0;21;0;0;139;0;0;0;4751;251;204;0;54;0;45;0;0;0;641;0;473
8437;Sigmaringen;96829;74052;826;73226;22132;13818;8350;11575;1880;8867;0;1594;673;947;110;264;232;0;41;0;0;21;105;0;10;0;0;59;0;0;0;1880;114;101;0;36;0;20;0;0;0;272;0;125
9161;Ingolstadt, Stadt;89860;65257;305;64952;0;12066;6535;7918;2094;8961;19824;3488;521;570;46;198;436;71;0;270;0;24;86;0;8;0;0;69;0;44;0;991;42;0;19;0;0;11;0;0;0;384;100;176
9162;München, Landeshauptstadt;923132;740751;2582;738169;0;139977;33541;100961;30012;192373;175397;19208;5107;6773;161;2364;5091;784;0;1633;0;148;592;0;168;0;0;787;0;612;0;9709;326;0;134;0;0;170;0;0;0;5488;778;5875
9163;Rosenheim, Stadt;40774;30713;138;30575;0;5196;2659;3836;998;5205;8328;1918;310;325;9;120;209;51;0;235;0;4;38;0;6;0;0;33;0;14;0;764;18;0;8;0;0;4;0;0;0;141;41;105
9171;Altötting;82495;62797;358;62439;0;9629;6509;5975;1415;6224;21473;6919;437;605;52;181;576;59;0;372;0;9;86;0;13;0;0;34;0;26;0;1448;33;0;22;0;0;12;0;0;0;151;109;70
9172;Berchtesgadener Land;74647;57428;300;57128;0;8838;5102;5627;1373;6538;17747;8155;400;606;38;153;442;55;0;395;0;7;67;0;10;0;0;43;0;21;0;1152;61;0;22;0;0;39;0;0;0;87;90;60
9173;Bad Tölz-Wolfratshausen;93174;75683;417;75266;0;10206;6254;8982;1718;10418;25619;6626;528;698;33;256;660;76;0;646;0;5;76;0;4;0;0;51;0;45;0;1802;32;0;26;0;0;13;0;0;0;189;116;187
9174;Dachau;105804;87251;444;86807;0;13308;6637;10358;1711;12491;29930;6339;588;1117;45;264;619;87;0;418;0;9;112;0;7;0;0;75;0;45;0;1704;35;0;33;0;0;20;0;0;0;295;150;410
9175;Ebersberg;100235;85351;356;84995;0;13590;5321;10852;1934;14513;27757;5333;647;915;38;263;610;76;0;657;0;4;81;0;8;0;0;76;0;63;0;1560;57;0;27;0;0;9;0;0;0;245;134;225
9176;Eichstätt;98405;82500;371;82129;0;13528;7739;7888;1657;8195;30698;7773;491;706;50;191;589;67;0;581;0;5;86;0;16;0;0;40;0;28;0;1245;39;0;42;0;0;15;0;0;0;203;124;133
9177;Erding;100334;82986;378;82608;0;12103;6907;9376;1714;10107;28235;8532;632;985;44;271;732;85;0;693;0;18;92;0;13;0;0;75;0;49;0;1297;35;0;32;0;0;21;0;0;0;236;137;187
9178;Freising;121098;99438;487;98951;0;15203;7808;11526;2661;16063;30055;8831;851;1002;53;305;845;167;0;479;0;16;123;0;12;0;0;118;0;58;0;1693;47;0;41;0;0;32;0;0;0;486;164;312
9179;Fürstenfeldbruck;152723;127273;587;126686;0;22086;7882;15347;3047;21749;40785;6903;824;1541;55;507;880;150;0;477;0;7;153;0;10;0;0;120;0;71;0;2748;75;0;43;0;0;33;0;0;0;436;208;549
9180;Garmisch-Partenkirchen;65407;52892;319;52573;0;6658;4077;5617;1064;6527;20516;4474;277;460;31;117;526;48;0;423;0;5;54;0;6;0;0;30;0;43;0;1277;26;0;23;0;0;8;0;0;0;102;78;106
9181;Landsberg am Lech;91011;76134;334;75800;0;11630;5587;8628;2031;13151;23725;4688;694;844;42;264;671;127;0;479;0;3;95;0;11;0;0;50;0;52;0;2416;73;0;20;0;0;20;0;0;0;132;124;243
9182;Miesbach;73488;60423;333;60090;0;8070;4581;8066;1190;7720;20685;5905;390;567;34;142;416;52;0;551;0;21;53;0;10;0;0;49;0;33;0;1194;17;0;15;0;0;14;0;0;0;134;60;121
9183;Mühldorf a.Inn;86161;66644;323;66321;0;8680;7431;7323;1354;6024;22587;7938;435;791;51;208;726;47;0;509;0;10;79;0;2;0;0;60;0;27;0;1555;22;0;28;0;0;12;0;0;0;183;113;126
9184;München;234912;199333;723;198610;0;34189;10489;28696;4449;36817;64669;7612;1254;2054;54;659;1332;127;0;719;0;29;173;0;32;0;0;196;0;94;0;2805;87;0;51;0;0;44;0;0;0;808;261;910
9185;Neuburg-Schrobenhausen;72397;57874;270;57604;0;8458;6222;5766;988;5413;20528;6768;382;546;47;188;264;48;0;366;0;3;55;0;6;0;0;42;0;22;0;1111;25;0;26;0;0;8;0;0;0;113;98;111
9186;Pfaffenhofen a.d.Ilm;93874;76328;306;76022;0;11422;7905;8437;1506;8256;26402;7499;435;709;41;205;546;108;0;483;0;2;84;0;8;0;0;58;0;22;0;1238;31;0;55;0;0;16;0;0;0;238;143;173
9187;Rosenheim;196616;160697;711;159986;0;22210;13911;19213;3609;20757;50798;16343;1075;1557;86;446;1424;162;0;1502;0;13;160;0;23;0;0;129;0;80;0;5311;111;0;69;0;0;23;0;0;0;347;246;381
9188;Starnberg;97195;83099;276;82823;0;12701;4169;12606;1849;15809;27410;3421;467;661;30;248;482;104;0;268;0;9;69;0;9;0;0;61;0;23;0;1739;25;0;12;0;0;13;0;0;0;210;79;349
9189;Traunstein;134168;106448;517;105931;0;16352;8925;10120;2570;13447;33674;13214;721;1013;63;260;975;98;0;1053;0;11;82;0;11;0;0;69;0;64;0;2547;74;0;42;0;0;17;0;0;0;156;168;205
9190;Weilheim-Schongau;103066;85147;560;84587;0;13269;6796;8694;2060;11870;27662;6988;628;856;36;258;1211;72;0;806;0;10;82;0;42;0;0;53;0;33;0;2440;59;0;38;0;0;19;0;0;0;194;178;233
9261;Landshut, Stadt;48466;36439;165;36274;0;6497;2987;4419;1188;5759;10709;2383;224;457;22;142;284;40;0;172;0;5;39;0;5;0;0;35;0;31;0;575;37;0;12;0;0;2;0;0;0;131;48;71
9262;Passau, Stadt;37537;27984;118;27866;0;5215;2271;3071;1016;4874;8232;1635;190;262;19;90;355;27;0;89;0;5;23;0;4;0;0;49;0;14;0;267;19;0;4;0;0;5;0;0;0;41;29;60
9263;Straubing, Stadt;33502;22645;136;22509;0;3908;2600;2253;652;2161;7779;1758;219;227;31;64;224;30;0;118;0;2;25;0;3;0;0;14;0;10;0;290;9;0;16;0;0;7;0;0;0;54;31;24
9271;Deggendorf;91554;68743;327;68416;0;10654;9118;6408;1271;5116;23397;8347;405;573;44;210;393;97;0;923;0;9;54;0;4;0;0;37;0;21;0;977;28;0;47;0;0;8;0;0;0;130;87;58
9272;Freyung-Grafenau;63581;49895;188;49707;0;7762;7497;3645;865;2844;16120;8610;193;394;35;109;315;53;0;504;0;3;31;0;2;0;0;23;0;6;0;530;16;0;13;0;0;7;0;0;0;39;55;36
9273;Kelheim;88717;69993;312;69681;0;11600;7891;6551;1322;6055;24181;8193;423;779;59;168;499;60;0;505;0;8;78;0;10;0;0;29;0;19;0;840;28;0;38;0;0;2;0;0;0;171;95;77
9274;Landshut;119636;97317;375;96942;0;13879;9978;10039;1859;8883;32275;14535;449;1089;48;259;705;70;0;641;0;4;106;0;10;0;0;69;0;46;0;1467;35;0;42;0;0;19;0;0;0;160;125;150
9275;Passau;151077;117196;489;116707;0;20134;15048;10436;2242;8327;38620;16089;531;1063;106;275;1013;62;0;750;0;5;113;0;13;0;0;88;0;41;0;1310;61;0;53;0;0;15;0;0;0;101;127;84
9276;Regen;61701;46713;255;46458;0;7100;7364;3669;834;2597;15154;7260;305;467;47;80;304;39;0;361;0;2;36;0;6;0;0;24;0;9;0;496;24;0;47;0;0;7;0;0;0;112;81;33
9277;Rottal-Inn;92030;71495;359;71136;0;10077;8120;6669;1340;5346;23999;11687;315;648;51;178;662;41;0;620;0;8;53;0;11;0;0;28;0;22;0;923;30;0;42;0;0;3;0;0;0;88;95;80
9278;Straubing-Bogen;78569;63597;321;63276;0;8930;7438;5681;982;4206;23809;8851;368;520;82;106;743;42;0;479;0;2;43;0;6;0;0;32;0;17;0;611;8;0;34;0;0;11;0;0;0;109;100;66
9279;Dingolfing-Landau;71637;54230;251;53979;0;7986;7381;5430;964;3539;18906;6859;324;512;45;112;432;41;0;343;0;4;48;0;6;0;0;24;0;26;0;696;16;0;28;0;0;9;0;0;0;91;89;68
9361;Amberg, Stadt;32133;22725;197;22528;0;4799;2604;2125;673;2608;7085;1208;140;292;25;134;173;17;0;129;0;0;33;0;6;0;0;20;0;13;0;275;16;0;8;0;0;4;0;0;0;41;55;45
9362;Regensburg, Stadt;105974;81838;274;81564;0;14783;5687;8472;4145;19421;20590;3532;844;821;23;265;698;98;0;266;0;13;65;0;36;0;0;128;0;42;0;1043;37;0;14;0;0;23;0;0;0;156;93;269
9363;Weiden i.d.OPf., Stadt;31980;22837;133;22704;0;5587;2605;2027;711;2188;7200;1071;137;233;21;70;112;19;0;102;0;1;26;0;5;0;0;26;0;18;0;308;11;0;14;0;0;3;0;0;0;65;91;53
9371;Amberg-Sulzbach;81848;66496;362;66134;0;13993;7136;5287;1540;5472;22548;6272;367;780;58;255;462;53;0;362;0;12;83;0;12;0;0;50;0;38;0;914;35;0;50;0;0;13;0;0;0;93;180;69
9372;Cham;102196;80014;340;79674;0;12227;10991;5456;1346;4777;27268;14412;326;631;64;148;433;56;0;388;0;4;66;0;4;0;0;42;0;30;0;677;42;0;58;0;0;27;0;0;0;54;80;67
9373;Neumarkt i.d.OPf.;102090;84076;380;83696;0;12755;8218;7655;1882;8111;30797;8852;484;866;83;366;663;58;0;381;0;8;105;0;13;0;0;51;0;38;0;1728;50;0;40;0;0;9;0;0;0;119;203;161
9374;Neustadt a.d.Waldnaab;75653;61803;480;61323;0;13924;7137;4403;1186;4039;21753;5793;251;562;59;159;289;47;0;352;0;1;67;0;2;0;0;38;0;26;0;681;29;0;29;0;0;6;0;0;0;72;361;57
9375;Regensburg;147442;121372;512;120860;0;20406;12246;10671;2746;13022;42081;13594;666;1092;81;276;764;94;0;722;0;9;117;0;13;0;0;72;0;42;0;1528;49;0;44;0;0;30;0;0;0;180;155;160
9376;Schwandorf;115004;90670;448;90222;0;18356;11927;6824;1955;6053;30678;10194;431;834;94;207;558;106;0;464;0;5;104;0;7;0;0;52;0;45;0;816;48;0;39;0;0;54;0;0;0;106;168;97
9377;Tirschenreuth;58174;47607;278;47329;0;9950;5156;3171;933;2943;17498;5203;263;454;48;116;211;28;0;265;0;4;58;0;6;0;0;23;0;21;0;585;30;0;21;0;0;5;0;0;0;55;244;38
9461;Bamberg, Stadt;54912;42665;161;42504;0;8018;3302;4215;2244;9727;11057;1367;376;381;23;149;275;55;0;86;0;29;58;0;6;0;0;53;0;22;0;576;26;0;16;0;0;6;0;0;0;105;58;274
9462;Bayreuth, Stadt;55829;41508;208;41300;0;8995;3001;4836;1567;7720;11391;1495;378;409;25;142;204;47;0;51;0;3;59;0;8;0;0;78;0;33;0;441;52;0;11;0;0;12;0;0;0;98;54;190
9463;Coburg, Stadt;30790;23125;117;23008;0;5817;1809;2449;883;3667;6062;758;255;257;17;88;177;36;0;21;0;11;36;0;0;0;0;37;0;9;0;447;10;0;8;0;0;3;0;0;0;80;24;47
9464;Hof, Stadt;32359;23068;150;22918;0;5368;2587;2219;719;2269;7283;946;254;349;27;127;40;14;0;40;0;5;31;0;3;0;0;27;0;21;0;307;55;0;12;0;0;11;0;0;0;123;47;34
9471;Bamberg;116451;97229;416;96813;0;15557;12312;8899;2074;8734;36283;7512;704;979;115;351;420;73;0;389;0;29;155;0;10;0;0;71;0;45;0;1334;72;0;110;0;0;18;0;0;0;117;214;236
9472;Bayreuth;83947;68940;302;68638;0;14607;6662;5687;1312;6009;25396;5586;482;710;61;161;219;57;0;164;0;5;80;0;8;0;0;43;0;30;0;905;63;0;51;0;0;6;0;0;0;111;124;99
9473;Coburg;69320;55457;281;55176;0;14000;5997;4819;1319;4980;16985;3827;472;645;58;157;352;26;0;99;0;17;75;0;6;0;0;57;0;26;0;920;34;0;30;0;0;9;0;0;0;102;91;73
9474;Forchheim;91084;75969;308;75661;0;13118;6817;6983;1797;9491;27505;5669;527;823;64;254;351;65;0;200;0;11;91;0;11;0;0;89;0;29;0;1111;71;0;57;0;0;11;0;0;0;193;129;194
9475;Hof;76055;60714;314;60400;0;14495;6927;5021;1290;4387;20859;4056;663;795;75;148;171;35;0;123;0;7;86;0;7;0;0;42;0;25;0;638;165;0;66;0;0;12;0;0;0;156;105;46
9476;Kronach;54179;43413;295;43118;0;10725;4876;3303;876;2707;15616;2863;356;587;62;95;140;18;0;65;0;15;54;0;1;0;0;27;0;16;0;466;56;0;27;0;0;8;0;0;0;71;46;42
9477;Kulmbach;58419;46655;212;46443;0;10724;4789;3728;1086;4358;15672;3630;403;557;50;118;179;35;0;86;0;2;71;0;5;0;0;20;0;27;0;611;49;0;31;0;0;8;0;0;0;72;85;47
9478;Lichtenfels;53297;42008;262;41746;0;8272;4811;3407;872;3472;15316;3202;428;494;75;136;215;29;0;120;0;11;66;0;3;0;0;32;0;28;0;475;40;0;38;0;0;13;0;0;0;78;50;63
9479;Wunsiedel i.Fichtelgebirge;56740;43421;322;43099;0;11108;5200;3424;1035;3077;13846;3029;412;656;72;102;111;31;0;135;0;4;49;0;5;0;0;38;0;18;0;430;44;0;31;0;0;7;0;0;0;123;77;35
9561;Ansbach, Stadt;30172;22131;157;21974;0;4819;2484;1848;803;3062;6298;1034;187;331;29;112;225;24;0;53;0;1;20;0;6;0;0;24;0;21;0;412;21;0;12;0;0;2;0;0;0;57;43;46
9562;Erlangen, Stadt;76775;62506;250;62256;0;12488;3367;6544;3232;16300;14808;1639;530;464;23;314;630;99;0;56;0;16;61;0;7;0;0;127;0;26;0;799;44;0;15;0;0;9;0;0;0;261;76;321
9563;Fürth, Stadt;86808;64662;338;64324;0;14884;5572;6335;3349;12144;15502;1901;695;827;57;276;281;97;0;126;0;26;79;0;48;0;0;139;0;39;0;1103;77;0;30;0;0;8;0;0;0;393;111;225
9564;Nürnberg, Stadt;335780;251644;1436;250208;0;54383;19745;23911;12816;48277;66199;7091;2318;3190;217;1396;1440;306;0;267;0;88;328;0;130;0;0;324;0;188;0;3991;215;0;106;0;0;57;0;0;0;1873;403;949
9565;Schwabach, Stadt;29819;23128;137;22991;0;5044;2043;2276;704;3465;6813;963;162;318;14;129;100;23;0;43;0;3;26;0;6;0;0;32;0;11;0;598;30;0;10;0;0;3;0;0;0;80;35;60
9571;Ansbach;140648;113283;545;112738;0;21340;11402;9660;2796;12928;37824;8991;761;1314;256;620;820;114;0;315;0;18;168;0;23;0;0;82;0;50;0;2418;185;0;56;0;0;14;0;0;0;215;236;132
9572;Erlangen-Höchstadt;104796;88293;391;87902;0;16926;6992;9088;2443;14445;28305;5020;632;872;67;346;425;73;0;135;0;15;85;0;5;0;0;91;0;43;0;1188;68;0;45;0;0;10;0;0;0;230;152;201
9573;Fürth;91963;75537;341;75196;0;16121;6673;7432;2067;10908;23781;3590;553;950;46;318;371;69;0;154;0;4;85;0;10;0;0;111;0;34;0;1268;74;0;62;0;0;14;0;0;0;216;141;144
9574;Nürnberger Land;130673;108400;507;107893;0;23065;8691;9613;2992;16322;33460;6907;703;1395;88;687;523;102;0;178;0;12;155;0;13;0;0;73;0;51;0;1889;115;0;53;0;0;41;0;0;0;359;175;231
9575;Neustadt a.d.Aisch-Bad Windsheim;77687;62318;345;61973;0;12056;5960;5428;1672;7203;21244;4600;461;720;89;248;372;52;0;174;0;13;81;0;6;0;0;43;0;28;0;1095;65;0;38;0;0;5;0;0;0;107;111;102
9576;Roth;98606;81275;438;80837;0;15721;7352;7361;1958;9875;27520;5694;619;1006;63;369;343;74;0;198;0;7;109;0;8;0;0;58;0;39;0;1807;76;0;50;0;0;22;0;0;0;182;181;145
9577;Weißenburg-Gunzenhausen;72354;57094;320;56774;0;11483;5256;4705;1305;6335;19177;4713;364;573;74;316;473;59;0;155;0;5;73;0;13;0;0;39;0;30;0;1222;73;0;30;0;0;6;0;0;0;136;88;71
9661;Aschaffenburg, Stadt;49848;37268;252;37016;0;7919;3441;4380;1382;6448;9857;915;355;445;33;158;302;43;0;75;0;21;46;0;6;0;0;49;0;26;0;616;28;0;17;0;0;54;0;0;0;196;83;121
9662;Schweinfurt, Stadt;36821;25285;240;25045;0;5736;3085;2526;1281;2911;7020;734;210;287;12;90;97;36;0;62;0;26;25;0;5;0;0;18;0;21;0;464;16;0;28;0;0;4;0;0;0;228;54;69
9663;Würzburg, Stadt;97587;77242;372;76870;0;14583;4569;8509;4168;19664;18845;1908;710;807;23;298;480;99;0;63;0;15;91;0;22;0;0;185;0;57;0;930;53;0;20;0;0;17;0;0;0;208;118;428
9671;Aschaffenburg;132804;109504;800;108704;0;22313;10275;11819;2686;14194;35882;4803;783;1472;77;393;503;108;0;338;0;40;164;0;29;0;0;90;0;94;0;1496;46;0;63;0;0;97;0;0;0;412;278;249
9672;Bad Kissingen;83006;66766;411;66355;0;11847;6763;6014;1877;6154;25442;4299;506;784;75;205;273;64;0;158;0;7;83;0;6;0;0;24;0;37;0;1269;58;0;63;0;0;11;0;0;0;69;172;95
9673;Rhön-Grabfeld;63253;51456;312;51144;0;8250;5144;4560;1482;4810;20068;3952;458;481;53;152;148;46;0;134;0;7;91;0;9;0;0;43;0;38;0;874;50;0;40;0;0;10;0;0;0;57;116;71
9674;Haßberge;67802;55942;336;55606;0;10443;6527;4637;1461;4910;19553;4388;452;597;76;201;356;52;0;184;0;6;89;0;10;0;0;46;0;34;0;1212;35;0;46;0;0;11;0;0;0;80;130;70
9675;Kitzingen;69209;56149;299;55850;0;10947;4930;5268;1518;6427;19668;3871;340;642;63;212;304;65;0;238;0;8;72;0;8;0;0;41;0;32;0;674;53;0;21;0;0;15;0;0;0;136;195;102
9676;Miltenberg;95316;76450;534;75916;0;15370;7043;7593;1773;8581;25010;5231;569;1036;69;237;417;88;0;185;0;21;134;0;9;0;0;46;0;57;0;1560;57;0;59;0;0;61;0;0;0;364;204;142
9677;Main-Spessart;99092;81683;532;81151;0;17401;6875;6558;1912;9225;29087;5265;588;1006;66;250;355;96;0;194;0;10;106;0;15;0;0;52;0;65;0;1335;72;0;57;0;0;35;0;0;0;164;182;180
9678;Schweinfurt;90680;75923;466;75457;0;13799;7672;7245;2129;7747;27753;4514;587;888;80;272;256;82;0;223;0;18;94;0;6;0;0;64;0;53;0;1332;46;0;43;0;0;16;0;0;0;146;254;138
9679;Würzburg;127320;108417;585;107832;0;22496;7651;10721;2859;15970;37112;4963;721;1284;92;367;618;117;0;216;0;12;142;0;17;0;0;122;0;76;0;1380;72;0;44;0;0;24;0;0;0;225;283;248
9761;Augsburg, Stadt;187164;137597;776;136821;0;26332;12120;15265;6532;27142;33772;5329;1574;1441;77;516;856;445;0;408;0;92;158;0;30;0;0;162;0;86;0;2795;102;0;52;0;0;34;0;0;0;712;227;562
9762;Kaufbeuren, Stadt;31503;22721;125;22596;0;4172;2497;2467;805;3106;6400;1292;193;266;22;188;127;39;0;90;0;4;28;0;5;0;0;21;0;15;0;565;36;0;17;0;0;1;0;0;0;141;51;48
9763;Kempten (Allgäu), Stadt;48382;35534;203;35331;0;6329;3403;4386;1312;5921;9101;2163;340;375;19;134;243;62;0;58;0;8;37;0;4;0;0;30;0;20;0;1014;33;0;16;0;0;8;0;0;0;160;53;102
9764;Memmingen, Stadt;29338;21571;120;21451;0;4117;2418;2596;664;2823;5920;1176;152;205;34;86;315;22;0;46;0;2;20;0;5;0;0;26;0;16;0;525;59;0;9;0;0;4;0;0;0;119;41;51
9771;Aichach-Friedberg;101891;85155;406;84749;0;12508;8298;9237;1503;10406;29480;7555;489;867;71;233;702;144;0;465;0;11;104;0;11;0;0;51;0;41;0;1895;73;0;32;0;0;15;0;0;0;166;234;158
9772;Augsburg;190013;153686;825;152861;0;25930;15064;16511;3362;19268;50131;12402;1044;1733;103;492;897;318;0;690;0;42;178;0;34;0;0;127;0;73;0;3076;138;0;66;0;0;34;0;0;0;481;340;327
9773;Dillingen a.d.Donau;72853;56922;299;56623;0;9118;7221;6153;1069;5047;19298;5005;290;566;84;190;212;87;0;197;0;7;62;0;12;0;0;28;0;26;0;1478;41;0;45;0;0;17;0;0;0;94;185;91
9774;Günzburg;90510;69505;419;69086;0;11431;8768;7811;1474;6434;21933;6096;477;1000;114;345;474;84;0;312;0;2;109;0;13;0;0;63;0;28;0;1316;70;0;47;0;0;13;0;0;0;286;175;211
9775;Neu-Ulm;124109;97008;590;96418;0;17801;10582;11636;2567;12446;29659;5016;640;1466;136;512;491;90;0;280;0;18;121;0;17;0;0;89;0;47;0;1462;128;0;45;0;0;26;0;0;0;594;259;290
9776;Lindau (Bodensee);60329;48073;263;47810;0;8865;3408;5507;1558;7945;14123;2964;365;524;20;148;363;73;0;128;0;2;42;0;4;0;0;48;0;31;0;1307;65;0;11;0;0;5;0;0;0;118;68;118
9777;Ostallgäu;107225;87880;431;87449;0;13119;7397;9169;2091;11063;28883;8673;674;887;66;289;703;153;0;612;0;11;77;0;8;0;0;61;0;52;0;2731;141;0;37;0;0;14;0;0;0;264;154;120
9778;Unterallgäu;109809;88795;438;88357;0;12174;10410;9901;1816;8604;28868;9504;554;978;118;274;1050;112;0;408;0;7;109;0;8;0;0;73;0;56;0;2541;162;0;59;0;0;21;0;0;0;196;214;140
9779;Donau-Ries;100768;81725;437;81288;0;14501;7801;7697;1517;8226;28784;7723;495;755;74;374;524;123;0;309;0;6;105;0;6;0;0;43;0;33;0;1519;64;0;42;0;0;85;0;0;0;151;242;89
9780;Oberallgäu;120092;98148;548;97600;0;14716;7539;11060;2173;13527;31793;9843;666;1060;55;233;647;171;0;333;0;5;105;0;22;0;0;58;0;53;0;2888;88;0;49;0;0;17;0;0;0;198;164;137
10041;Regionalverband Saarbrücken;238608;177702;2867;174835;36708;66549;16878;20265;15638;0;0;3004;3336;4901;469;1209;845;0;0;0;0;159;0;0;0;0;0;0;0;0;0;2278;0;0;0;0;0;0;0;0;0;853;0;1743
10042;Merzig-Wadern;78589;61966;1150;60816;15348;21771;5888;7541;3995;0;0;1238;1048;1791;139;304;228;0;0;0;0;19;0;0;0;0;0;0;0;0;0;956;0;0;0;0;0;0;0;0;0;160;0;390
10043;Neunkirchen;102989;77514;1426;76088;17141;29982;8620;7843;4892;0;0;1620;1207;2168;220;410;293;0;0;0;0;54;0;0;0;0;0;0;0;0;0;1017;0;0;0;0;0;0;0;0;0;226;0;395
10044;Saarlouis;151754;118636;2240;116396;28302;42530;11865;13820;7751;0;0;2454;2088;3294;253;682;440;0;0;0;0;66;0;0;0;0;0;0;0;0;0;1650;0;0;0;0;0;0;0;0;0;542;0;659
10045;Saarpfalz-Kreis;111998;89262;1429;87833;21067;31724;9387;10474;5805;0;0;2064;1372;2495;185;503;489;0;0;0;0;41;0;0;0;0;0;0;0;0;0;1327;0;0;0;0;0;0;0;0;0;334;0;566
10046;St. Wendel;71285;58883;1183;57700;16568;21221;4991;6002;3049;0;0;1366;927;1582;109;311;236;0;0;0;0;18;0;0;0;0;0;0;0;0;0;888;0;0;0;0;0;0;0;0;0;166;0;266
11100;Berlin, Ost, Stadt;1035769;782022;12293;769729;94682;171371;83284;60424;123546;157891;0;8190;14585;21718;1350;3208;1182;593;0;0;0;395;3040;0;1478;10247;391;1629;0;1109;220;0;0;0;0;0;0;683;0;0;0;3326;0;5187
11200;Berlin, West, Stadt;1433150;1074881;18029;1056852;195009;256918;70410;105513;85506;250642;0;8880;13753;23564;630;3708;1616;706;0;0;0;334;2110;0;677;9196;336;1793;0;1476;226;0;0;0;0;0;0;549;0;0;0;16842;0;6458
12051;Brandenburg an der Havel, Stadt;58011;38725;603;38122;5666;12835;6010;2876;3172;3673;0;934;579;923;66;198;70;0;0;0;0;20;0;0;52;0;0;54;0;0;0;503;0;0;0;0;0;0;0;0;0;83;287;121
12052;Cottbus, Stadt;76664;56178;655;55523;7278;16259;11270;6119;4896;4091;0;1140;827;1188;171;195;72;0;0;0;0;24;0;0;108;0;0;77;0;0;0;1065;0;0;0;0;0;0;0;0;0;134;388;221
12053;Frankfurt (Oder), Stadt;43524;30483;383;30100;4139;9410;5495;2463;3599;2340;0;563;566;623;77;105;43;0;0;0;0;38;0;0;38;0;0;30;0;0;0;317;0;0;0;0;0;0;0;0;0;51;138;65
12054;Potsdam, Stadt;136171;110636;877;109759;12916;29177;10080;10412;13165;23448;0;1517;1831;2637;115;446;388;0;0;0;0;51;0;0;197;0;0;254;0;0;0;1788;0;0;0;0;0;0;0;0;0;290;329;718
12060;Barnim;153682;116762;1319;115443;17344;31734;20136;10340;11700;10403;0;4526;1621;3228;317;497;235;0;0;0;0;49;0;0;209;0;0;158;0;0;0;1821;0;0;0;0;0;0;0;0;0;257;552;316
12061;Dahme-Spreewald;139473;108645;1289;107356;17219;30239;19447;10820;8588;9227;0;3081;1225;3303;348;498;190;0;0;0;0;50;0;0;188;0;0;142;0;0;0;1518;0;0;0;0;0;0;0;0;0;401;582;290
12062;Elbe-Elster;84748;63633;995;62638;10064;17777;15411;5602;4409;2649;0;2063;735;1390;239;249;58;0;0;0;0;27;0;0;59;0;0;46;0;0;0;849;0;0;0;0;0;0;0;0;0;91;824;96
12063;Havelland;132645;101350;1166;100184;16977;29852;16359;9875;6897;10338;0;2476;1100;2897;290;442;171;0;0;0;0;54;0;0;53;0;0;121;0;0;0;1315;0;0;0;0;0;0;0;0;0;267;436;264
12064;Märkisch-Oderland;160954;121773;1971;119802;17807;34370;22939;10176;12222;8958;0;3201;1623;3685;338;450;257;0;0;0;0;56;0;0;262;0;0;153;0;0;0;2011;0;0;0;0;0;0;0;0;0;251;744;299
12065;Oberhavel;174518;134465;1506;132959;22252;38476;22559;12974;9327;12784;0;3604;1707;4288;460;812;254;0;0;0;0;47;0;0;113;0;0;169;0;0;0;1954;0;0;0;0;0;0;0;0;0;282;552;345
12066;Oberspreewald-Lausitz;90562;66230;1050;65180;9167;18780;16356;6302;4860;2720;0;1850;741;1373;423;228;83;0;0;0;0;33;0;0;43;0;0;47;0;0;0;698;0;0;0;0;0;0;0;0;0;85;1243;148
12067;Oder-Spree;147863;111931;1441;110490;15751;32004;22843;9976;9837;7652;0;3186;1423;2985;497;390;304;0;0;0;0;118;0;0;132;0;0;128;0;0;0;2103;0;0;0;0;0;0;0;0;0;255;598;308
12068;Ostprignitz-Ruppin;82224;57917;689;57228;9291;19690;10435;4184;4710;4061;0;1387;644;1189;236;199;49;0;0;0;0;39;0;0;38;0;0;53;0;0;0;680;0;0;0;0;0;0;0;0;0;61;208;74
12069;Potsdam-Mittelmark;174776;141079;1452;139627;23353;41686;18263;15001;10315;17677;0;3310;1530;3257;320;492;309;0;0;0;0;63;0;0;138;0;0;171;0;0;0;2268;0;0;0;0;0;0;0;0;0;284;714;476
12070;Prignitz;63058;45045;520;44525;7352;15422;8559;3388;3601;2299;0;1176;532;831;160;191;35;0;0;0;0;32;0;0;30;0;0;37;0;0;0;593;0;0;0;0;0;0;0;0;0;56;164;67
12071;Spree-Neiße;94603;72145;1113;71032;10224;19839;19459;7484;4774;2848;0;1678;766;1328;252;197;51;0;0;0;0;45;0;0;110;0;0;51;0;0;0;1147;0;0;0;0;0;0;0;0;0;142;511;126
12072;Teltow-Fläming;136777;102972;1796;101176;16170;29872;17298;9589;7991;8616;0;3312;1083;3421;256;487;180;0;0;0;0;63;0;0;129;0;0;149;0;0;0;1488;0;0;0;0;0;0;0;0;0;252;542;278
12073;Uckermark;98591;69495;996;68499;10921;23151;14493;4845;5699;3688;0;1505;666;1277;303;264;86;0;0;0;0;33;0;0;79;0;0;52;0;0;0;944;0;0;0;0;0;0;0;0;0;111;301;81
13003;Rostock;167537;121988;1791;120197;15069;35216;13661;10527;17012;17576;0;1296;1757;3005;472;690;223;0;0;0;0;122;0;0;106;0;0;242;0;0;0;2493;0;0;0;0;0;0;0;0;0;309;0;421
13004;Schwerin;75717;54676;790;53886;7807;16841;7359;4801;6648;6005;0;864;535;925;240;431;72;0;0;0;0;47;0;0;54;0;0;91;0;0;0;833;0;0;0;0;0;0;0;0;0;139;0;194
13071;Mecklenburgische Seenplatte;214762;149360;2914;146446;26616;42991;30339;10952;16533;7668;0;2296;1074;2839;897;484;179;0;0;0;0;157;0;0;93;0;0;183;0;0;0;2603;0;0;0;0;0;0;0;0;0;310;0;232
13072;Landkreis Rostock;177351;129804;2056;127748;23477;37825;22990;11547;12746;8535;0;2084;887;2577;873;446;245;0;0;0;0;85;0;0;114;0;0;131;0;0;0;2649;0;0;0;0;0;0;0;0;0;338;0;199
13073;Vorpommern-Rügen;186611;128783;2586;126197;24329;32345;25649;10044;14527;8295;0;1573;1076;3807;628;598;111;0;0;0;0;99;0;0;116;0;0;157;0;0;0;2336;0;0;0;0;0;0;0;0;0;285;0;222
13074;Nordwestmecklenburg;128567;90731;1333;89398;15082;29698;14304;7026;9142;7656;0;1274;701;1490;562;551;83;0;0;0;0;42;0;0;52;0;0;97;0;0;0;1285;0;0;0;0;0;0;0;0;0;186;0;167
13075;Vorpommern-Greifswald;192591;135105;2685;132420;25380;32739;29104;10646;12548;9745;0;1755;1052;3860;1716;498;157;0;0;0;0;76;0;0;123;0;0;267;0;0;0;2212;0;0;0;0;0;0;0;0;0;292;0;250
13076;Ludwigslust-Parchim;171299;124593;2026;122567;22343;39713;21936;10012;12579;6476;0;2202;818;2079;1012;561;119;0;0;0;0;81;0;0;96;0;0;109;0;0;0;1925;0;0;0;0;0;0;0;0;0;287;0;219
14511;Chemnitz, Stadt;188691;140700;1121;139579;20713;32616;30089;15781;15008;12680;0;1997;2280;2620;252;440;359;320;0;0;0;90;609;0;133;0;0;296;0;0;0;2097;378;0;164;0;0;0;0;0;0;311;0;346
14521;Erzgebirgskreis;276050;212372;2699;209673;40349;38544;63225;21632;16163;7251;0;6614;2306;3895;1157;515;394;229;0;0;0;79;892;0;131;0;0;211;0;0;0;2662;2299;0;398;0;0;0;0;0;0;420;0;307
14522;Mittelsachsen;246570;189048;2158;186890;33466;35281;54994;21413;14944;8623;0;4414;1822;3589;890;630;677;156;0;0;0;98;958;0;154;0;0;304;0;0;0;2990;404;0;335;0;0;0;0;0;0;367;0;381
14523;Vogtlandkreis;184973;137816;1673;136143;26782;30436;34112;13708;12058;6263;0;2155;1676;3181;291;340;364;82;0;0;0;73;652;0;88;0;0;157;0;0;0;2048;779;0;459;0;0;0;0;0;0;248;0;191
14524;Zwickau;257191;192634;2042;190592;34814;40259;48178;20610;17453;9414;0;5738;2035;3962;522;591;425;144;0;0;0;111;757;0;117;0;0;185;0;0;0;3288;905;0;499;0;0;0;0;0;0;338;0;247
14612;Dresden, Stadt;424707;340274;2469;337805;48826;59743;59501;40638;37607;56760;0;5688;5458;5783;546;2818;1330;393;0;0;0;263;1726;0;212;0;0;873;0;0;0;5727;566;0;283;0;0;0;0;0;0;1301;0;1763
14625;Bautzen;245263;189488;2474;187014;34134;31676;58674;21422;14488;8121;0;4900;2466;3453;667;746;322;81;0;0;0;86;1145;0;118;0;0;217;0;0;0;2875;305;0;328;0;0;0;0;0;0;405;0;385
14626;Görlitz;204105;153057;2064;150993;27630;25441;49123;15039;11327;7358;0;3645;1428;3259;488;540;177;97;0;0;0;106;1045;0;92;0;0;185;0;0;0;2583;456;0;305;0;0;0;0;0;0;331;0;338
14627;Meißen;197004;149341;1747;147594;25912;26045;43940;17212;10725;8872;0;4312;1754;2634;566;581;405;108;0;0;0;77;713;0;65;0;0;187;0;0;0;2341;188;0;296;0;0;0;0;0;0;321;0;340
14628;Sächsische Schweiz-Osterzgebirge;199703;154159;2005;152154;26028;23545;48580;17814;11653;8023;0;5039;1276;2864;635;618;396;82;0;0;0;66;929;0;85;0;0;247;0;0;0;2945;223;0;283;0;0;0;0;0;0;373;0;450
14713;Leipzig, Stadt;455278;348576;2320;346256;48514;72382;46104;35099;47356;64112;0;4833;6328;7289;521;1714;689;595;0;0;0;350;1131;0;326;0;0;829;0;0;0;4768;352;0;342;0;0;0;0;0;0;1245;0;1377
14729;Leipzig;212853;162283;1836;160447;32711;34104;38458;18322;12362;9381;0;3973;1743;3099;461;496;278;116;0;0;0;87;897;0;115;0;0;175;0;0;0;2403;186;0;328;0;0;0;0;0;0;373;0;379
14730;Nordsachsen;161279;119206;1449;117757;23000;24732;32066;12476;8868;5462;0;3346;1333;2311;473;404;240;61;0;0;0;76;598;0;89;0;0;137;0;0;0;1363;88;0;268;0;0;0;0;0;0;196;0;170
15001;Dessau-Roßlau, Stadt;65105;43544;441;43103;8881;12121;7553;4288;3909;3164;0;620;367;492;116;177;20;0;0;0;416;33;0;0;0;0;0;39;257;29;0;571;0;0;0;0;0;0;0;0;0;0;0;50
15002;Halle (Saale), Stadt;181880;127615;1094;126521;21392;30249;17460;12686;15569;18783;0;1892;1487;1578;199;609;178;0;0;0;1249;178;0;0;0;0;0;260;569;167;0;1673;0;0;0;0;0;0;0;0;0;0;0;343
15003;Magdeburg, Landeshauptstadt;183584;127840;1049;126791;22260;33184;17736;12143;13938;15071;0;1725;1543;1224;261;609;178;0;0;0;2570;151;0;0;0;0;0;263;1632;186;0;1575;0;0;0;0;0;0;0;0;0;0;0;542
15081;Altmarkkreis Salzwedel;68231;47130;491;46639;9937;12858;8273;4027;4741;2600;0;1394;342;464;86;126;28;0;0;0;351;37;0;0;0;0;0;44;201;40;0;1022;0;0;0;0;0;0;0;0;0;0;0;68
15082;Anhalt-Bitterfeld;131926;86979;1138;85841;18634;20914;18936;7797;8634;3579;0;2060;589;1226;248;247;24;0;0;0;914;67;0;0;0;0;0;75;533;92;0;1176;0;0;0;0;0;0;0;0;0;0;0;96
15083;Börde;140658;97595;989;96606;21371;25348;20008;9109;8000;4625;0;1872;722;1242;275;306;52;0;0;0;1269;81;0;0;0;0;0;89;577;121;0;1403;0;0;0;0;0;0;0;0;0;0;0;136
15084;Burgenlandkreis;145246;98245;1019;97226;20645;22308;24287;9877;8412;3862;0;1217;791;1118;333;308;68;0;0;0;856;73;0;0;0;0;0;86;592;123;0;2145;0;0;0;0;0;0;0;0;0;0;0;125
15085;Harz;179183;120314;1331;118983;26556;32474;21209;10905;10937;6746;0;2446;818;1480;244;396;70;0;0;0;1287;85;0;0;0;0;0;103;631;111;0;2332;0;0;0;0;0;0;0;0;0;0;0;153
15086;Jerichower Land;74874;50925;568;50357;11349;13695;9596;4480;4426;2642;0;865;408;724;97;148;22;0;0;0;640;37;0;0;0;0;0;47;254;55;0;779;0;0;0;0;0;0;0;0;0;0;0;93
15087;Mansfeld-Südharz;113167;73439;810;72629;15591;18732;17407;6655;6610;2211;0;1117;510;856;275;174;28;0;0;0;616;59;0;0;0;0;0;61;400;78;0;1177;0;0;0;0;0;0;0;0;0;0;0;72
15088;Saalekreis;152500;108207;1199;107008;23600;23966;25236;11509;8899;4896;0;1915;668;1468;269;332;61;0;0;0;1171;96;0;0;0;0;0;122;598;106;0;1962;0;0;0;0;0;0;0;0;0;0;0;134
15089;Salzlandkreis;157010;99517;1252;98265;21581;24835;21358;9065;9889;3921;0;1571;626;1192;256;207;54;0;0;0;1281;55;0;0;0;0;0;108;728;72;0;1352;0;0;0;0;0;0;0;0;0;0;0;114
15090;Stendal;91767;61751;646;61105;12630;16679;12356;5369;5640;3234;0;1892;383;636;119;182;30;0;0;0;467;38;0;0;0;0;0;55;309;51;0;963;0;0;0;0;0;0;0;0;0;0;0;72
15091;Wittenberg;104644;71660;794;70866;17859;17722;14077;6114;5726;3367;0;1923;509;783;224;246;33;0;0;0;585;52;0;0;0;0;0;63;330;71;0;1083;0;0;0;0;0;0;0;0;0;0;0;99
16051;Erfurt, Stadt;162932;124084;1189;122895;17405;29694;20288;11810;17091;15399;0;1658;2061;2164;215;936;226;154;0;0;0;269;0;350;0;0;0;171;0;0;0;2113;0;0;0;0;0;0;0;0;0;372;0;519
16052;Gera, Stadt;74455;52603;550;52053;7324;11703;14175;4782;7089;2754;0;665;759;918;178;213;52;76;0;0;0;142;0;155;0;0;0;67;0;0;0;742;0;0;0;0;0;0;0;0;0;113;0;146
16053;Jena, Stadt;81259;65328;419;64909;7734;15195;7603;6125;10131;12478;0;1069;1076;725;97;480;142;89;0;0;0;86;0;107;0;0;0;158;0;0;0;976;0;0;0;0;0;0;0;0;0;149;0;489
16054;Suhl, Stadt;29824;22019;223;21796;3347;5871;4909;1765;3224;1085;0;395;228;295;48;114;42;19;0;0;0;56;0;54;0;0;0;18;0;0;0;243;0;0;0;0;0;0;0;0;0;28;0;55
16055;Weimar, Stadt;49742;38149;370;37779;5394;8737;5413;3237;5545;6220;0;416;523;542;63;239;67;42;0;0;0;64;0;77;0;0;0;64;0;0;0;845;0;0;0;0;0;0;0;0;0;86;0;205
16061;Eichsfeld;80201;62574;620;61954;18347;12980;12195;6180;4339;3342;0;1333;581;646;244;178;363;22;0;0;0;45;0;160;0;0;0;41;0;0;0;755;0;0;0;0;0;0;0;0;0;92;0;111
16062;Nordhausen;67494;47809;545;47264;7955;13510;10393;3966;5562;2428;0;684;593;700;171;138;57;31;0;0;0;123;0;92;0;0;0;48;0;0;0;664;0;0;0;0;0;0;0;0;0;72;0;77
16063;Wartburgkreis;129279;95260;1042;94218;16895;23838;22897;7764;9478;4742;0;2553;994;1315;476;335;166;55;0;0;0;201;0;213;0;0;0;89;0;0;0;1855;0;0;0;0;0;0;0;0;0;136;0;216
16064;Unstrut-Hainich-Kreis;82988;60853;850;60003;11354;14525;14840;5494;6394;2727;0;1329;655;911;148;223;141;36;0;0;0;97;0;167;0;0;0;40;0;0;0;708;0;0;0;0;0;0;0;0;0;91;0;123
16065;Kyffhäuserkreis;61508;44105;645;43460;7360;10792;11708;3549;5265;1406;0;809;494;703;211;167;58;27;0;0;0;87;0;104;0;0;0;28;0;0;0;556;0;0;0;0;0;0;0;0;0;46;0;90
16066;Schmalkalden-Meiningen;102113;76263;904;75359;12775;19681;19207;6471;7773;3457;0;1470;781;972;234;583;246;52;0;0;0;116;0;196;0;0;0;61;0;0;0;1046;0;0;0;0;0;0;0;0;0;118;0;120
16067;Gotha;106194;78523;1115;77408;12304;19233;19951;6792;8248;3942;0;1726;919;1254;265;439;97;71;0;0;0;145;0;236;0;0;0;70;0;0;0;1303;0;0;0;0;0;0;0;0;0;168;0;245
16068;Sömmerda;56578;42372;588;41784;7416;9124;11290;3656;4643;1714;0;1099;527;705;225;214;35;23;0;0;0;102;0;118;0;0;0;30;0;0;0;641;0;0;0;0;0;0;0;0;0;136;0;86
16069;Hildburghausen;51213;38778;450;38328;6247;8758;11042;3088;3679;1318;0;1745;395;470;93;226;111;24;0;0;0;77;0;80;0;0;0;21;0;0;0;870;0;0;0;0;0;0;0;0;0;30;0;54
16070;Ilm-Kreis;84325;64043;803;63240;9516;14204;16571;5334;7206;4158;0;2084;872;914;172;320;65;62;0;0;0;90;0;169;0;0;0;103;0;0;0;1048;0;0;0;0;0;0;0;0;0;129;0;223
16071;Weimarer Land;66130;50834;628;50206;9500;10823;12472;4746;5150;2729;0;1632;606;749;236;193;45;28;0;0;0;95;0;104;0;0;0;51;0;0;0;822;0;0;0;0;0;0;0;0;0;64;0;161
16072;Sonneberg;46921;34048;406;33642;5554;8136;9414;2666;3810;1361;0;637;455;495;121;155;148;25;0;0;0;104;0;86;0;0;0;36;0;0;0;349;0;0;0;0;0;0;0;0;0;55;0;35
16073;Saalfeld-Rudolstadt;86125;63335;774;62561;9810;13509;18445;5705;6786;2664;0;1527;897;999;222;238;102;47;0;0;0;155;0;188;0;0;0;69;0;0;0;909;0;0;0;0;0;0;0;0;0;154;0;135
16074;Saale-Holzland-Kreis;67700;53083;573;52510;9418;11296;12865;5043;6123;2874;0;1322;697;798;185;233;96;48;0;0;0;78;0;169;0;0;0;40;0;0;0;960;0;0;0;0;0;0;0;0;0;106;0;159
16075;Saale-Orla-Kreis;65612;50113;561;49552;7780;10214;15071;4680;5580;1845;0;1230;689;713;140;174;95;50;0;0;0;105;0;136;0;0;0;43;0;0;0;799;0;0;0;0;0;0;0;0;0;114;0;94
16076;Greiz;81104;61961;815;61146;10894;13046;16908;6167;6383;2513;0;1095;665;1061;160;284;57;43;0;0;0;173;0;224;0;0;0;59;0;0;0;1149;0;0;0;0;0;0;0;0;0;152;0;113
16077;Altenburger Land;74029;53583;739;52844;9085;11577;15576;5263;5194;2064;0;673;546;924;199;209;45;28;0;0;0;160;0;215;0;0;0;50;0;0;0;836;0;0;0;0;0;0;0;0;0;90;0;110
;Bundesgebiet;61181072;46854508;412485;46442023;8775471;11955434;4803902;5319952;2270906;6852206;2402827;1127784;461570;675353;64574;169923;112314;31884;7184;32790;13672;17799;49349;3786;14925;19443;727;47711;7611;17811;1417;630153;39868;7491;7832;3488;12967;11159;3228;9189;55578;214535;22736;165474
